language,sentence_id,word_id,word,text_name,FFDAvg,FFDStd,TRTAvg,TRTStd
en,3,0.0,With,ZuCo2,14.201734,6.9236093,19.91824,14.100842
en,3,1.0,his,ZuCo2,12.138766,3.6902578,18.77274,9.896083
en,3,2.0,interest,ZuCo2,12.235614,4.2458773,20.214228,13.504408
en,3,3.0,in,ZuCo2,12.606339,4.3269525,15.290634,6.981796
en,3,4.0,race,ZuCo2,13.503754,5.2068443,20.432705,12.336987
en,3,5.0,"cars,",ZuCo2,12.385799,4.357589,16.482138,8.071631
en,3,6.0,he,ZuCo2,11.846834,3.0825605,13.208439,4.469462
en,3,7.0,formed,ZuCo2,13.477836,5.206086,20.40304,12.877612
en,3,8.0,a,ZuCo2,12.233261,3.8310993,13.956287,5.7052855
en,3,9.0,second,ZuCo2,12.574864,4.162573,15.369737,6.81003
en,3,10.0,"company,",ZuCo2,13.287829,4.68895,19.011168,9.353407
en,3,11.0,the,ZuCo2,12.7466,4.6543455,14.681625,6.853309
en,3,12.0,Henry,ZuCo2,13.016273,4.890115,20.270853,13.653646
en,3,13.0,Ford,ZuCo2,13.463647,4.8521433,19.807095,10.604284
en,3,14.0,Company.,ZuCo2,15.169456,8.871106,19.033504,13.976555
en,4,0.0,During,ZuCo2,15.645728,9.513829,18.520128,12.632227
en,4,1.0,this,ZuCo2,13.189607,5.864952,20.090235,14.426175
en,4,2.0,"period,",ZuCo2,11.856344,3.5122705,18.316216,9.828896
en,4,3.0,he,ZuCo2,12.66978,3.829077,14.856795,5.935566
en,4,4.0,personally,ZuCo2,13.443166,5.8908596,20.128067,14.255838
en,4,5.0,drove,ZuCo2,12.35021,4.6783004,20.10077,14.201216
en,4,6.0,his,ZuCo2,12.4831705,4.0638533,16.092024,7.621749
en,4,7.0,Quadricycle,ZuCo2,13.766476,6.655162,19.606897,15.111371
en,4,8.0,to,ZuCo2,11.959239,3.7426412,13.753868,5.2587485
en,4,9.0,victory,ZuCo2,12.976318,4.5612445,20.206345,11.6671
en,4,10.0,in,ZuCo2,12.036202,4.0376577,13.878255,5.590875
en,4,11.0,a,ZuCo2,13.100689,4.678402,16.012932,7.311451
en,4,12.0,race,ZuCo2,11.850782,3.3194883,18.592117,9.435051
en,4,13.0,against,ZuCo2,12.797289,4.282485,17.954758,8.612197
en,4,14.0,Alexander,ZuCo2,12.344432,3.6894557,17.371655,8.149932
en,4,15.0,"Winton,",ZuCo2,14.02507,5.6512346,20.237898,11.919065
en,4,16.0,a,ZuCo2,12.276828,4.052247,13.26472,4.5579247
en,4,17.0,well-known,ZuCo2,13.856357,6.5615454,19.852432,14.703222
en,4,18.0,driver,ZuCo2,12.555446,3.9154499,19.61516,10.4117
en,4,19.0,and,ZuCo2,11.319932,3.177768,12.867282,4.6540294
en,4,20.0,the,ZuCo2,12.146522,3.8998296,14.218939,6.090223
en,4,21.0,heavy,ZuCo2,14.472373,5.74038,19.43999,9.724393
en,4,22.0,favorite,ZuCo2,13.177026,4.7872505,18.450426,9.11638
en,4,23.0,on,ZuCo2,12.284346,4.1701684,12.975727,4.648801
en,4,24.0,October,ZuCo2,13.798241,5.74627,20.39623,12.662711
en,4,25.0,"10,",ZuCo2,12.144695,4.3091207,14.538422,6.3487144
en,4,26.0,1901.,ZuCo2,15.321704,9.769721,18.159979,14.290366
en,8,0.0,Ford,ZuCo2,15.0029545,6.9821644,19.78473,11.106238
en,8,1.0,was,ZuCo2,11.647601,3.5777113,16.039587,7.855744
en,8,2.0,born,ZuCo2,11.790648,3.3704846,19.100279,10.138819
en,8,3.0,on,ZuCo2,11.645354,3.3313441,16.680552,8.481397
en,8,4.0,a,ZuCo2,11.338868,3.0738442,13.649797,5.609321
en,8,5.0,prosperous,ZuCo2,11.897681,3.6951807,20.045015,13.460664
en,8,6.0,farm,ZuCo2,12.078462,3.5913277,18.202093,9.104235
en,8,7.0,in,ZuCo2,10.580199,2.7807686,11.726304,3.7616105
en,8,8.0,Springwells,ZuCo2,14.347505,7.514114,19.428574,14.958576
en,8,9.0,Township,ZuCo2,13.46572,5.1596394,20.471764,12.022311
en,8,10.0,(now,ZuCo2,13.432344,5.031014,19.383226,10.122008
en,8,11.0,in,ZuCo2,11.614938,3.6294696,14.873076,6.6551743
en,8,12.0,the,ZuCo2,11.598695,3.1671927,17.097832,8.644661
en,8,13.0,city,ZuCo2,12.526933,3.9874716,19.229464,9.836515
en,8,14.0,of,ZuCo2,10.274824,2.6722286,11.27667,3.5668557
en,8,15.0,"Dearborn,",ZuCo2,14.410487,6.9392505,20.006159,13.766787
en,8,16.0,Michigan),ZuCo2,14.060708,5.976933,20.366926,12.501522
en,8,17.0,owned,ZuCo2,12.476334,3.8094923,19.268112,9.7013445
en,8,18.0,by,ZuCo2,11.609906,3.631519,15.226683,7.1898565
en,8,19.0,his,ZuCo2,12.412367,4.049395,15.195776,6.867846
en,8,20.0,"parents,",ZuCo2,11.67797,3.022351,17.836678,8.526503
en,8,21.0,William,ZuCo2,12.99862,4.19954,18.27902,8.873907
en,8,22.0,Ford,ZuCo2,13.394484,4.6979203,19.496244,10.012648
en,8,23.0,(1826-1905),ZuCo2,13.308264,5.238948,20.403885,13.152365
en,8,24.0,and,ZuCo2,11.303268,3.1415832,13.681662,5.4217644
en,8,25.0,Mary,ZuCo2,12.1162615,3.8067608,15.147722,6.516579
en,8,26.0,Litogot,ZuCo2,14.721788,8.17476,19.277521,14.6550865
en,8,27.0,"(c1839-1876),",ZuCo2,14.454573,6.10162,19.837555,10.44216
en,8,28.0,immigrants,ZuCo2,13.768521,5.9134107,20.33344,13.269776
en,8,29.0,from,ZuCo2,11.903234,3.8100731,14.934262,6.750234
en,8,30.0,County,ZuCo2,13.418641,5.2014284,20.44369,12.751822
en,8,31.0,"Cork,",ZuCo2,13.697818,5.317484,20.360418,11.681368
en,8,32.0,Ireland.,ZuCo2,14.528651,6.7334394,20.177876,12.54867
en,9,0.0,In,ZuCo2,12.323614,4.359051,12.316325,3.8037422
en,9,1.0,the,ZuCo2,12.72676,4.683913,15.380652,7.4017334
en,9,2.0,years,ZuCo2,12.001014,3.8093634,17.658062,8.941431
en,9,3.0,between,ZuCo2,13.286233,4.9442506,19.892515,11.017338
en,9,4.0,the,ZuCo2,11.806743,3.9395032,13.4548645,5.4487863
en,9,5.0,"wars,",ZuCo2,11.775369,3.442575,17.185987,8.355836
en,9,6.0,Henry,ZuCo2,13.12678,4.4816713,19.483511,10.234737
en,9,7.0,Ford,ZuCo2,12.92574,4.570465,20.373579,12.682528
en,9,8.0,supported,ZuCo2,13.17242,4.887456,20.427956,12.396072
en,9,9.0,Adolf,ZuCo2,13.836545,5.4346547,20.379486,12.192674
en,9,10.0,Hitler's,ZuCo2,14.021495,5.876787,20.315126,12.8449
en,9,11.0,Nazi,ZuCo2,13.544164,5.222086,20.395498,12.536251
en,9,12.0,regime.,ZuCo2,15.221915,8.999778,18.873386,14.048104
en,10,0.0,There,ZuCo2,14.963901,6.4541497,19.359903,10.107128
en,10,1.0,is,ZuCo2,14.320885,6.1281157,19.9942,11.288968
en,10,2.0,also,ZuCo2,12.660988,4.46178,19.945637,11.61725
en,10,3.0,some,ZuCo2,12.060432,3.6453955,17.313938,9.213783
en,10,4.0,evidence,ZuCo2,12.676842,4.4123025,19.713526,11.044218
en,10,5.0,that,ZuCo2,11.494326,3.353377,13.785256,5.849475
en,10,6.0,Henry,ZuCo2,12.8714695,4.315611,19.14901,10.150063
en,10,7.0,Ford,ZuCo2,13.28481,4.8576183,20.080019,11.424649
en,10,8.0,gave,ZuCo2,11.607563,3.4585075,15.818675,7.4965587
en,10,9.0,Adolf,ZuCo2,12.557916,4.1048965,19.35737,10.692755
en,10,10.0,Hitler,ZuCo2,12.629699,4.301858,17.536625,8.880008
en,10,11.0,direct,ZuCo2,13.554801,5.2338796,20.165947,11.485097
en,10,12.0,financial,ZuCo2,13.404928,5.053109,17.51978,8.676281
en,10,13.0,backing,ZuCo2,12.755279,4.4905133,15.63368,7.016893
en,10,14.0,when,ZuCo2,13.7734585,5.970384,15.889982,7.379166
en,10,15.0,Hitler,ZuCo2,13.672959,5.003166,18.65972,9.26815
en,10,16.0,was,ZuCo2,12.209777,4.199213,14.543786,6.368025
en,10,17.0,first,ZuCo2,13.504377,5.2434335,17.06445,8.284358
en,10,18.0,starting,ZuCo2,12.590936,4.2085485,17.663597,8.924307
en,10,19.0,out,ZuCo2,12.041026,4.0249906,15.697173,7.7287316
en,10,20.0,in,ZuCo2,12.635771,4.889187,13.444939,5.0787635
en,10,21.0,politics.,ZuCo2,15.527883,8.915316,18.996552,12.310459
en,16,0.0,Alexander,ZuCo2,14.537597,7.371465,19.899225,13.856704
en,16,1.0,Rae,ZuCo2,12.977569,5.441436,20.048862,14.548439
en,16,2.0,Baldwin,ZuCo2,13.63497,6.1457863,19.938353,14.617454
en,16,3.0,III,ZuCo2,13.935716,5.522717,20.102137,10.739229
en,16,4.0,(born,ZuCo2,13.573913,5.1461577,19.83842,10.4596
en,16,5.0,April,ZuCo2,12.465084,4.7485485,20.074972,14.363869
en,16,6.0,"3,",ZuCo2,11.401332,3.7248256,13.935268,5.9641004
en,16,7.0,"1958,",ZuCo2,13.953792,5.919269,20.388235,12.667448
en,16,8.0,in,ZuCo2,11.022254,3.4774072,12.133862,4.3142104
en,16,9.0,"Massapequa,",ZuCo2,15.086142,9.023187,18.69678,14.594082
en,16,10.0,Long,ZuCo2,13.84229,5.141552,19.780611,10.3249
en,16,11.0,"Island,",ZuCo2,13.173816,4.5778823,20.021679,10.576342
en,16,12.0,New,ZuCo2,12.866286,4.347157,17.474905,8.198371
en,16,13.0,"York,",ZuCo2,12.209287,4.151906,16.53241,7.960813
en,16,14.0,USA),ZuCo2,14.151203,6.046819,20.282713,11.883414
en,16,15.0,is,ZuCo2,13.460109,5.405444,15.31807,6.767327
en,16,16.0,an,ZuCo2,12.794961,4.6158094,14.504747,6.0532084
en,16,17.0,American,ZuCo2,11.303629,2.7841442,17.501554,8.57946
en,16,18.0,actor,ZuCo2,13.362163,4.865019,18.69406,9.134808
en,16,19.0,who,ZuCo2,13.253515,5.2630076,16.561502,8.158583
en,16,20.0,is,ZuCo2,13.8566675,5.582081,17.938208,9.102539
en,16,21.0,the,ZuCo2,11.77443,3.9057562,14.13166,6.352554
en,16,22.0,oldest,ZuCo2,13.055482,4.522049,19.564806,10.165323
en,16,23.0,and,ZuCo2,10.889894,3.0506952,12.493399,4.6054845
en,16,24.0,best,ZuCo2,13.2747,4.849701,18.618559,9.1099415
en,16,25.0,known,ZuCo2,12.207892,3.9832547,16.7633,8.155913
en,16,26.0,of,ZuCo2,11.099483,3.4564154,12.4747505,4.6191707
en,16,27.0,the,ZuCo2,10.955427,3.0615833,12.594444,4.792579
en,16,28.0,"""Baldwin",ZuCo2,13.120665,4.5041156,16.693665,7.7034073
en,16,29.0,"brothers"",",ZuCo2,13.019497,5.368063,19.970282,14.609983
en,16,30.0,with,ZuCo2,12.910023,4.445925,20.346737,12.582662
en,16,31.0,brothers,ZuCo2,12.131227,3.7998226,20.229277,12.686469
en,16,32.0,"Daniel,",ZuCo2,12.737611,4.126982,20.323586,11.827636
en,16,33.0,Stephen,ZuCo2,13.859603,5.468378,20.398415,11.868265
en,16,34.0,and,ZuCo2,12.406711,4.5562725,14.634274,6.50694
en,16,35.0,William.,ZuCo2,15.169884,7.9152856,19.693644,12.651314
en,18,0.0,Baldwin,ZuCo2,14.830787,8.103511,19.372166,14.402676
en,18,1.0,has,ZuCo2,13.507407,5.895891,20.215622,13.909316
en,18,2.0,appeared,ZuCo2,12.110822,4.310636,19.990728,14.310444
en,18,3.0,in,ZuCo2,11.398384,3.0791829,18.94752,10.864934
en,18,4.0,movies,ZuCo2,11.871149,3.446159,18.066124,9.137007
en,18,5.0,such,ZuCo2,12.974618,4.6377068,16.662737,8.102575
en,18,6.0,as,ZuCo2,12.247837,4.1697516,14.137926,6.035848
en,18,7.0,The,ZuCo2,11.5144615,3.2509685,13.439242,5.0935407
en,18,8.0,"Cooler,",ZuCo2,14.09098,5.8789244,20.30426,12.356672
en,18,9.0,The,ZuCo2,11.54697,3.2479641,13.651437,5.2298026
en,18,10.0,Hunt,ZuCo2,11.899726,3.2953327,17.940248,8.430048
en,18,11.0,for,ZuCo2,12.4516535,4.1068277,14.66138,6.2760653
en,18,12.0,Red,ZuCo2,14.374427,5.8667684,19.410547,9.901661
en,18,13.0,"October,",ZuCo2,14.557935,6.964451,20.086355,12.829237
en,18,14.0,"Beetlejuice,",ZuCo2,14.449109,7.4514575,19.656332,14.496944
en,18,15.0,Ghosts,ZuCo2,13.304739,4.719314,20.233809,11.329596
en,18,16.0,of,ZuCo2,11.598384,3.788078,12.268905,4.273644
en,18,17.0,"Mississippi,",ZuCo2,14.023746,5.5866,20.202097,11.067373
en,18,18.0,Talk,ZuCo2,14.29552,5.7656198,18.690458,8.862014
en,18,19.0,"Radio,",ZuCo2,13.015282,4.6760855,16.821198,7.447182
en,18,20.0,Final,ZuCo2,14.856159,6.8112364,19.824522,10.921473
en,18,21.0,Fantasy:,ZuCo2,13.853184,5.594352,20.306171,11.709589
en,18,22.0,The,ZuCo2,11.122883,2.98012,13.178805,5.018536
en,18,23.0,Spirits,ZuCo2,12.670032,3.9788241,20.107965,11.186161
en,18,24.0,Within,ZuCo2,14.280802,6.050034,17.755362,8.563513
en,18,25.0,"(voice),",ZuCo2,15.202016,7.2230024,18.96433,9.769612
en,18,26.0,The,ZuCo2,11.794159,3.4216921,14.412623,5.930191
en,18,27.0,Cat,ZuCo2,12.105514,3.3832757,18.238657,8.738497
en,18,28.0,in,ZuCo2,12.218938,4.0798163,14.755764,6.514727
en,18,29.0,the,ZuCo2,12.76024,4.5260453,16.373814,8.064059
en,18,30.0,"Hat,",ZuCo2,12.911638,4.312165,18.117489,8.374918
en,18,31.0,Pearl,ZuCo2,14.33639,6.2655163,20.287846,12.312775
en,18,32.0,"Harbor,",ZuCo2,13.88391,5.3700275,18.88301,9.112667
en,18,33.0,Thomas,ZuCo2,12.98104,4.1028566,19.814291,10.64491
en,18,34.0,and,ZuCo2,11.695473,3.3677113,14.817679,6.6434073
en,18,35.0,the,ZuCo2,11.648242,3.5604734,14.041418,6.150208
en,18,36.0,Magic,ZuCo2,13.187184,4.4834604,19.341291,9.789007
en,18,37.0,"Railroad,",ZuCo2,14.054025,5.7843184,20.32421,11.725838
en,18,38.0,Along,ZuCo2,14.275857,5.9629393,20.05395,11.048436
en,18,39.0,Came,ZuCo2,13.674471,5.2268505,17.418264,8.383819
en,18,40.0,"Polly,",ZuCo2,14.242819,5.9279194,19.836565,10.309531
en,18,41.0,The,ZuCo2,11.918859,3.5095475,13.670008,5.0890675
en,18,42.0,SpongeBob,ZuCo2,13.443149,5.6159477,20.274881,13.793638
en,18,43.0,SquarePants,ZuCo2,14.615121,7.1063633,20.071629,12.934702
en,18,44.0,"Movie,",ZuCo2,13.458374,5.255273,16.994528,7.8929048
en,18,45.0,and,ZuCo2,11.993177,3.7633684,14.26626,5.9071703
en,18,46.0,The,ZuCo2,11.716153,3.4605992,13.3667345,4.914304
en,18,47.0,Aviator.,ZuCo2,14.378213,6.642984,20.166433,13.126121
en,24,0.0,In,ZuCo2,15.311314,7.3191357,18.525606,9.287967
en,24,1.0,"1998,",ZuCo2,14.794773,8.450411,19.214281,14.474427
en,24,2.0,he,ZuCo2,14.274566,5.952141,20.170156,11.614443
en,24,3.0,began,ZuCo2,12.199624,4.1227064,20.230684,13.361018
en,24,4.0,narrating,ZuCo2,12.879042,4.995421,20.240301,13.852552
en,24,5.0,the,ZuCo2,11.763679,3.610696,16.136944,8.438591
en,24,6.0,American,ZuCo2,11.162411,3.0525234,15.693131,7.591159
en,24,7.0,version,ZuCo2,13.41066,5.3058434,16.796383,8.521039
en,24,8.0,of,ZuCo2,9.776122,2.162051,10.34479,2.488181
en,24,9.0,the,ZuCo2,10.506326,2.736088,11.730829,3.7346041
en,24,10.0,children's,ZuCo2,13.758302,5.3246536,20.2247,11.564161
en,24,11.0,series,ZuCo2,12.758796,4.3403835,18.915297,9.667522
en,24,12.0,Thomas,ZuCo2,13.750514,5.1142197,19.947271,10.7512245
en,24,13.0,the,ZuCo2,12.429761,4.2224646,16.936392,8.876619
en,24,14.0,Tank,ZuCo2,12.437587,3.8752706,19.564947,10.652815
en,24,15.0,Engine,ZuCo2,12.342511,3.9275522,18.44068,9.186455
en,24,16.0,and,ZuCo2,12.513713,4.5937777,14.036967,5.7430506
en,24,17.0,Friends.,ZuCo2,15.512518,8.410116,18.99094,10.907516
en,33,0.0,In,ZuCo2,15.557429,8.34068,19.145018,11.362608
en,33,1.0,"1958,",ZuCo2,15.035514,9.073768,18.743126,14.557566
en,33,2.0,Clooney,ZuCo2,12.525525,5.0048428,19.96789,14.677063
en,33,3.0,left,ZuCo2,12.842111,4.948275,20.409542,12.822732
en,33,4.0,"Columbia,",ZuCo2,12.168805,3.8045464,20.294586,12.419958
en,33,5.0,doing,ZuCo2,13.9468155,5.8098803,20.353384,12.120937
en,33,6.0,a,ZuCo2,12.030669,3.8395426,14.950298,7.0257597
en,33,7.0,number,ZuCo2,12.133507,3.8342416,14.884203,6.843806
en,33,8.0,of,ZuCo2,9.523811,2.5781775,10.319469,3.3957286
en,33,9.0,recordings,ZuCo2,13.44114,4.8364058,19.57244,10.031907
en,33,10.0,for,ZuCo2,11.556457,3.4252374,14.923262,7.0775986
en,33,11.0,MGM,ZuCo2,13.13161,4.783271,20.433867,12.320633
en,33,12.0,Records,ZuCo2,12.522708,4.0168924,19.764223,10.731468
en,33,13.0,and,ZuCo2,11.387931,3.4088113,13.449234,5.5937643
en,33,14.0,then,ZuCo2,13.686936,5.280189,18.594246,9.530662
en,33,15.0,some,ZuCo2,12.534907,4.2726555,15.50753,7.4825006
en,33,16.0,for,ZuCo2,11.884282,3.7069821,14.3143835,6.418987
en,33,17.0,Coral,ZuCo2,14.561832,6.640976,20.176702,12.261879
en,33,18.0,Records.,ZuCo2,15.126364,7.6575546,19.662144,11.444368
en,34,0.0,"Finally,",ZuCo2,14.583906,7.944376,19.467308,14.526887
en,34,1.0,toward,ZuCo2,13.84857,6.227543,20.224564,13.4744
en,34,2.0,the,ZuCo2,13.023083,5.1053333,15.918063,7.804132
en,34,3.0,end,ZuCo2,12.64028,4.5353847,16.858109,8.190958
en,34,4.0,of,ZuCo2,11.961213,4.4400377,13.313341,5.5313416
en,34,5.0,"1958,",ZuCo2,14.071816,7.327019,19.48166,15.0039
en,34,6.0,she,ZuCo2,12.471406,3.8269513,15.135231,6.478722
en,34,7.0,signed,ZuCo2,12.875608,4.3664393,19.884748,10.769592
en,34,8.0,with,ZuCo2,12.545585,4.122266,16.993944,8.476469
en,34,9.0,RCA,ZuCo2,14.362531,6.304971,20.219288,12.314108
en,34,10.0,Victor,ZuCo2,12.630768,4.273117,20.28077,12.601364
en,34,11.0,"Records,",ZuCo2,12.514572,3.9303105,19.648909,10.495078
en,34,12.0,where,ZuCo2,12.254005,3.7194817,18.213655,8.894258
en,34,13.0,she,ZuCo2,11.650479,3.1971338,15.162903,6.873044
en,34,14.0,stayed,ZuCo2,12.104836,3.5706537,17.690605,8.569554
en,34,15.0,until,ZuCo2,12.591486,4.229987,14.628807,6.4774055
en,34,16.0,1963,ZuCo2,14.459074,6.903185,20.113216,12.998875
en,34,17.0,except,ZuCo2,13.243247,4.529163,18.322521,9.105868
en,34,18.0,for,ZuCo2,11.911671,3.5673902,15.352114,7.3579874
en,34,19.0,doing,ZuCo2,12.811025,4.162193,18.860748,9.338363
en,34,20.0,some,ZuCo2,11.875144,3.5786555,14.322846,6.3400087
en,34,21.0,recordings,ZuCo2,12.528942,3.839263,18.506733,9.019452
en,34,22.0,in,ZuCo2,11.836453,3.962379,12.900334,4.802945
en,34,23.0,1960,ZuCo2,14.669475,8.055391,19.36286,14.474354
en,34,24.0,for,ZuCo2,12.080547,3.8840058,14.374895,6.288481
en,34,25.0,Reprise,ZuCo2,14.214696,6.985723,19.845758,14.3556185
en,34,26.0,Records.,ZuCo2,14.38926,6.360786,20.075695,11.322916
en,36,0.0,In,ZuCo2,14.463813,7.185172,19.871304,13.864954
en,36,1.0,1966,ZuCo2,14.443566,7.7624187,19.463655,14.721945
en,36,2.0,she,ZuCo2,15.166472,8.364355,19.410322,12.966506
en,36,3.0,went,ZuCo2,12.083629,3.9045327,20.079073,11.81888
en,36,4.0,to,ZuCo2,12.86906,4.4701357,17.790096,9.128045
en,36,5.0,United,ZuCo2,13.61123,5.6734905,20.306181,13.199692
en,36,6.0,Artists,ZuCo2,13.537932,5.273983,20.341352,12.0738945
en,36,7.0,Records.,ZuCo2,14.07259,6.9564137,19.855515,14.3390465
en,37,0.0,In,ZuCo2,15.389397,8.207344,19.340368,11.88489
en,37,1.0,1986,ZuCo2,14.826952,8.7776375,18.926132,14.692181
en,37,2.0,she,ZuCo2,13.438418,5.0700817,19.20399,10.214654
en,37,3.0,sang,ZuCo2,11.417928,3.345638,19.33638,10.86453
en,37,4.0,a,ZuCo2,12.270181,3.9756448,14.212692,5.717339
en,37,5.0,duet,ZuCo2,13.32623,5.26364,20.286995,12.76219
en,37,6.0,with,ZuCo2,12.143781,4.0023475,14.701513,6.6222014
en,37,7.0,Wild,ZuCo2,13.642016,5.1617975,20.098032,10.991622
en,37,8.0,Man,ZuCo2,13.764784,6.0591564,15.313956,6.879944
en,37,9.0,Fischer,ZuCo2,14.746263,7.1856766,19.979092,12.804509
en,37,10.0,on,ZuCo2,13.745119,5.759347,16.481607,7.735826
en,37,11.0,"""It's",ZuCo2,13.279254,4.7462254,19.267075,9.837555
en,37,12.0,a,ZuCo2,11.718182,3.6331584,12.593647,4.116713
en,37,13.0,Hard,ZuCo2,13.537047,4.99944,17.392113,8.047516
en,37,14.0,"Business"".",ZuCo2,12.560982,4.2027817,17.56869,8.324444
en,43,0.0,The,ZuCo2,12.390538,3.565204,13.921755,4.9321594
en,43,1.0,family,ZuCo2,12.338508,3.5313962,18.055552,8.840206
en,43,2.0,moved,ZuCo2,11.761969,3.18845,16.805748,8.173049
en,43,3.0,around,ZuCo2,12.098889,3.8005946,19.026114,10.005922
en,43,4.0,1810,ZuCo2,15.285681,9.518683,18.463968,14.227748
en,43,5.0,to,ZuCo2,11.657613,3.1416633,13.560175,5.1396203
en,43,6.0,"Springport,",ZuCo2,14.853652,7.561371,19.816792,13.306005
en,43,7.0,in,ZuCo2,10.429198,2.5376856,10.708475,2.6666238
en,43,8.0,Cayuga,ZuCo2,14.818205,7.9431095,19.566618,13.938744
en,43,9.0,County,ZuCo2,13.330368,4.7255034,19.494972,9.623215
en,43,10.0,in,ZuCo2,11.546583,3.2298071,12.99357,4.464922
en,43,11.0,the,ZuCo2,12.120076,3.8181996,15.407167,7.3132906
en,43,12.0,"Rochester,",ZuCo2,14.600806,7.227661,19.909552,13.624699
en,43,13.0,New,ZuCo2,14.044745,5.51599,18.213982,8.535664
en,43,14.0,York,ZuCo2,13.209672,4.724339,18.480606,9.026606
en,43,15.0,area.,ZuCo2,15.469947,9.737829,18.495344,13.146387
en,46,0.0,Bush,ZuCo2,14.008689,6.302257,20.0195,14.135247
en,46,1.0,was,ZuCo2,14.051286,5.8199644,20.274084,11.880417
en,46,2.0,a,ZuCo2,12.0089655,3.7549484,14.310524,5.8881135
en,46,3.0,soldier,ZuCo2,11.870122,3.2894247,19.696243,11.297697
en,46,4.0,in,ZuCo2,11.644416,3.47355,13.651534,5.4301224
en,46,5.0,the,ZuCo2,12.28205,3.8895829,15.539778,7.5813785
en,46,6.0,French,ZuCo2,11.658135,3.2400181,16.64634,8.023526
en,46,7.0,and,ZuCo2,11.601116,3.5829911,13.031859,4.9862695
en,46,8.0,Indian,ZuCo2,12.497332,4.0470223,17.546888,8.500448
en,46,9.0,Wars,ZuCo2,12.186191,3.9627717,15.064932,6.8210425
en,46,10.0,and,ZuCo2,11.304414,3.1836197,13.489849,5.3363442
en,46,11.0,a,ZuCo2,12.007968,3.8241942,13.186638,4.5369573
en,46,12.0,Captain,ZuCo2,13.491552,4.7825685,20.15929,11.195917
en,46,13.0,in,ZuCo2,12.671717,4.449988,14.733371,6.1908
en,46,14.0,the,ZuCo2,13.952722,5.7084317,17.214918,8.954248
en,46,15.0,American,ZuCo2,11.895526,3.321471,17.742147,8.838831
en,46,16.0,Revolution,ZuCo2,13.461942,5.345886,20.349804,13.311227
en,46,17.0,and,ZuCo2,12.460468,4.4269147,15.266145,6.9833674
en,46,18.0,is,ZuCo2,14.531996,6.1070037,18.589535,9.422979
en,46,19.0,the,ZuCo2,11.940984,3.8535101,15.164097,7.59699
en,46,20.0,great-great-great-great-great,ZuCo2,12.007666,4.03279,19.869757,14.321841
en,46,21.0,grandfather,ZuCo2,13.620697,5.492098,20.33103,13.196234
en,46,22.0,of,ZuCo2,11.948065,4.389021,12.773229,5.001008
en,46,23.0,president,ZuCo2,13.603498,5.0527883,20.337221,11.7195
en,46,24.0,George,ZuCo2,12.353339,3.678445,17.94858,8.825778
en,46,25.0,W.,ZuCo2,11.559707,3.6224492,13.882765,5.9244494
en,46,26.0,Bush.,ZuCo2,15.140523,7.444903,19.513687,11.06729
en,47,0.0,They,ZuCo2,13.773532,5.197755,20.196201,11.866182
en,47,1.0,had,ZuCo2,14.819743,7.315572,19.943007,12.189307
en,47,2.0,five,ZuCo2,12.024975,3.791678,16.981474,8.493003
en,47,3.0,children,ZuCo2,11.70143,3.3320398,17.795034,9.037439
en,47,4.0,after,ZuCo2,12.502701,4.518916,15.848167,7.630428
en,47,5.0,which,ZuCo2,12.992526,4.749974,16.45585,8.283541
en,47,6.0,they,ZuCo2,11.059572,2.6284297,13.027426,4.976409
en,47,7.0,relocated,ZuCo2,12.809175,4.185767,18.802183,9.383091
en,47,8.0,to,ZuCo2,10.43831,2.3261745,10.967651,2.578026
en,47,9.0,"Norwich,",ZuCo2,13.5221815,5.7165275,20.175222,14.082245
en,47,10.0,Vermont,ZuCo2,14.048396,5.387831,19.80911,10.235203
en,47,11.0,where,ZuCo2,13.928065,5.847206,20.252762,11.819685
en,47,12.0,Bush,ZuCo2,12.908994,4.153227,19.781553,10.918145
en,47,13.0,was,ZuCo2,12.522238,4.198312,15.2205105,6.7126803
en,47,14.0,a,ZuCo2,11.514723,3.2501414,12.50098,3.9410799
en,47,15.0,Captain,ZuCo2,13.188771,4.514768,19.275785,9.713119
en,47,16.0,of,ZuCo2,11.044375,2.8017757,11.351463,3.2105887
en,47,17.0,a,ZuCo2,11.263362,2.9500325,11.955219,3.596349
en,47,18.0,militia,ZuCo2,14.250587,6.2179956,20.258274,12.904999
en,47,19.0,company.,ZuCo2,15.317659,8.584561,19.286222,13.055163
en,51,0.0,After,ZuCo2,14.70308,6.776469,19.909391,10.985918
en,51,1.0,many,ZuCo2,12.722091,4.3682,20.33324,12.481656
en,51,2.0,football,ZuCo2,12.515951,4.297495,20.32577,13.107845
en,51,3.0,insiders,ZuCo2,12.620566,4.9676576,20.096046,14.293123
en,51,4.0,criticized,ZuCo2,12.885491,4.7595167,20.394302,13.086325
en,51,5.0,Manning,ZuCo2,12.7758875,4.098688,19.769983,10.778553
en,51,6.0,for,ZuCo2,11.621654,3.4390128,14.378376,6.44354
en,51,7.0,being,ZuCo2,13.283867,4.839686,18.89486,9.874611
en,51,8.0,0-3,ZuCo2,12.910962,4.361237,19.831873,11.313509
en,51,9.0,in,ZuCo2,12.3619795,4.525351,13.752223,5.578992
en,51,10.0,the,ZuCo2,13.131965,5.077305,16.025404,8.131141
en,51,11.0,"playoffs,",ZuCo2,12.591542,4.8134427,20.152422,14.143084
en,51,12.0,he,ZuCo2,10.630164,2.3405476,11.602459,3.1732874
en,51,13.0,won,ZuCo2,12.821577,4.3407617,18.667326,9.405674
en,51,14.0,his,ZuCo2,12.940303,4.4588184,16.135092,7.652346
en,51,15.0,first,ZuCo2,12.509843,4.201357,17.452503,8.59843
en,51,16.0,NFL,ZuCo2,14.066684,5.7257147,20.331072,11.740247
en,51,17.0,playoff,ZuCo2,13.763552,6.040789,20.264874,13.664173
en,51,18.0,game,ZuCo2,12.303521,3.867545,18.209772,9.183409
en,51,19.0,against,ZuCo2,11.738253,3.3654377,19.004114,10.371411
en,51,20.0,the,ZuCo2,11.2780485,3.1671286,13.191994,5.30418
en,51,21.0,Denver,ZuCo2,12.849835,4.73961,20.316332,13.534949
en,51,22.0,Broncos,ZuCo2,13.016821,4.3901415,20.23028,11.367618
en,51,23.0,on,ZuCo2,12.257713,4.002745,13.403457,4.799853
en,51,24.0,January,ZuCo2,13.547427,4.988954,20.326542,11.495413
en,51,25.0,"4,",ZuCo2,12.355924,4.3244658,14.937199,6.6351724
en,51,26.0,2004.,ZuCo2,14.8869505,8.46748,19.356646,14.059778
en,59,0.0,He,ZuCo2,12.75417,3.987827,13.242658,3.9703276
en,59,1.0,graduated,ZuCo2,13.454092,6.053877,20.040236,14.336429
en,59,2.0,in,ZuCo2,13.41429,5.5509787,14.78244,6.2731576
en,59,3.0,1983,ZuCo2,15.023721,8.865636,19.04188,14.163986
en,59,4.0,with,ZuCo2,13.284572,4.8413067,16.87184,8.150028
en,59,5.0,a,ZuCo2,11.507034,2.9264038,12.645882,3.716252
en,59,6.0,bachelor's,ZuCo2,13.232097,4.561658,19.82438,10.574538
en,59,7.0,degree,ZuCo2,13.60596,5.1034107,17.793505,8.39101
en,59,8.0,in,ZuCo2,10.464198,2.9270525,10.347546,2.3515656
en,59,9.0,history.,ZuCo2,15.241468,7.895384,19.391901,11.057219
en,60,0.0,Taylor,ZuCo2,15.376767,8.752389,19.221247,12.921663
en,60,1.0,was,ZuCo2,12.71762,4.7674313,15.693137,7.516344
en,60,2.0,born,ZuCo2,12.56066,4.4018545,17.906786,9.098374
en,60,3.0,with,ZuCo2,13.829119,5.7573223,16.809637,8.886276
en,60,4.0,dual,ZuCo2,13.270331,5.0190444,20.278475,12.867646
en,60,5.0,British,ZuCo2,12.970971,4.3642926,19.40653,10.263206
en,60,6.0,and,ZuCo2,10.205213,2.431403,10.916004,2.7759557
en,60,7.0,American,ZuCo2,13.740989,5.195388,19.431818,9.799779
en,60,8.0,citizenship.,ZuCo2,15.034683,7.0285435,19.332104,10.029135
en,74,0.0,Talia,ZuCo2,14.732819,8.025519,19.414478,14.475878
en,74,1.0,Shire,ZuCo2,14.677037,7.54591,19.802572,13.740492
en,74,2.0,(born,ZuCo2,14.01529,5.7665453,19.939692,10.6082115
en,74,3.0,April,ZuCo2,12.454337,4.475644,20.267992,13.65915
en,74,4.0,"25,",ZuCo2,12.777253,4.91777,16.553455,8.094195
en,74,5.0,1946),ZuCo2,14.35312,7.259163,19.717775,14.408335
en,74,6.0,is,ZuCo2,12.932696,5.0300417,13.966326,5.6850095
en,74,7.0,an,ZuCo2,12.077357,4.212529,12.98333,4.8182178
en,74,8.0,American,ZuCo2,11.759402,3.3305416,19.313423,10.488223
en,74,9.0,actress,ZuCo2,13.367595,4.7245336,19.358614,9.624687
en,74,10.0,of,ZuCo2,12.705366,4.724703,13.454229,5.3248544
en,74,11.0,Italian,ZuCo2,12.647923,4.090765,18.65312,9.148659
en,74,12.0,descent.,ZuCo2,14.564055,7.945222,19.31138,14.798388
en,77,0.0,The,ZuCo2,13.405675,4.795901,16.923265,8.125908
en,77,1.0,Cockleshell,ZuCo2,13.8518915,6.6807704,19.724451,14.884134
en,77,2.0,Heroes,ZuCo2,13.301956,5.2121677,20.444431,12.914278
en,77,3.0,followed,ZuCo2,12.631978,4.5975666,20.297907,12.91479
en,77,4.0,a,ZuCo2,12.909916,4.8422995,15.724614,7.4660625
en,77,5.0,year,ZuCo2,12.519305,4.4754415,17.768822,8.9774475
en,77,6.0,"later,",ZuCo2,12.475645,5.0387354,14.968613,7.0621076
en,77,7.0,along,ZuCo2,14.300701,5.929026,18.80794,9.442577
en,77,8.0,with,ZuCo2,13.189467,5.070357,15.137848,6.773337
en,77,9.0,The,ZuCo2,12.686862,4.1254992,17.153236,8.407597
en,77,10.0,Great,ZuCo2,13.9683275,5.675091,20.147036,11.289376
en,77,11.0,Man.,ZuCo2,15.267585,7.884701,16.765026,7.8837857
en,94,0.0,At,ZuCo2,13.951132,5.264862,18.786306,9.274553
en,94,1.0,one,ZuCo2,13.557176,5.4144773,20.141405,11.741889
en,94,2.0,point,ZuCo2,12.531765,4.4044147,18.026047,9.403437
en,94,3.0,when,ZuCo2,13.649,5.286694,18.92783,9.548771
en,94,4.0,a,ZuCo2,12.901532,4.1896057,17.648706,9.06636
en,94,5.0,newscaster,ZuCo2,13.698369,6.4775963,19.757772,14.820896
en,94,6.0,was,ZuCo2,10.917594,3.084161,13.352017,5.6468706
en,94,7.0,conducting,ZuCo2,13.139415,4.6865034,20.30521,11.584752
en,94,8.0,a,ZuCo2,11.112422,3.162195,12.37067,4.5189734
en,94,9.0,conversation,ZuCo2,12.409271,3.9025486,18.877167,9.631868
en,94,10.0,with,ZuCo2,12.24089,4.281048,14.233469,6.4040804
en,94,11.0,both,ZuCo2,12.135418,3.793492,15.25876,7.115298
en,94,12.0,of,ZuCo2,11.290321,3.3597481,13.334272,5.4857507
en,94,13.0,them,ZuCo2,11.215416,3.2151651,13.31528,5.3937182
en,94,14.0,he,ZuCo2,12.692364,4.1220307,14.633666,6.143746
en,94,15.0,asked,ZuCo2,12.356638,3.8269057,16.840025,8.072923
en,94,16.0,Dole,ZuCo2,14.133778,6.794109,19.930212,14.16849
en,94,17.0,if,ZuCo2,12.602231,4.310932,15.000853,6.5761304
en,94,18.0,he,ZuCo2,10.405839,2.5025902,11.369642,3.5147066
en,94,19.0,had,ZuCo2,11.673794,3.3171012,14.216896,5.90323
en,94,20.0,anything,ZuCo2,13.084844,4.532298,16.249651,7.606022
en,94,21.0,to,ZuCo2,10.743396,2.7995572,11.685111,3.83082
en,94,22.0,say,ZuCo2,12.206515,3.7445867,15.51729,6.6927104
en,94,23.0,to,ZuCo2,12.549642,4.5391784,13.551558,5.2397504
en,94,24.0,Bush.,ZuCo2,14.620852,6.1499743,19.483023,10.009065
en,103,0.0,In,ZuCo2,14.579692,6.2161384,19.392262,9.511532
en,103,1.0,The,ZuCo2,12.412559,4.491062,20.07229,14.049363
en,103,2.0,Law,ZuCo2,12.729966,4.603984,20.333605,12.503912
en,103,3.0,of,ZuCo2,12.313442,4.4774528,13.664459,5.5120044
en,103,4.0,Civilisation,ZuCo2,13.416021,5.658576,20.143547,14.0193815
en,103,5.0,and,ZuCo2,12.270545,4.2247443,13.941488,5.6132593
en,103,6.0,Decay,ZuCo2,14.500627,6.653981,20.187729,12.221867
en,103,7.0,"(1895),",ZuCo2,15.577918,8.530806,18.653362,10.417445
en,103,8.0,Adams,ZuCo2,12.763282,4.9933076,19.979162,14.471818
en,103,9.0,noted,ZuCo2,12.125364,4.0001473,20.23416,13.242063
en,103,10.0,that,ZuCo2,11.584049,3.2608187,14.85643,6.65542
en,103,11.0,as,ZuCo2,13.998368,5.8671517,18.104769,8.716362
en,103,12.0,new,ZuCo2,11.944715,3.529225,19.561892,10.978561
en,103,13.0,population,ZuCo2,13.149042,4.7122636,20.32607,11.912866
en,103,14.0,centers,ZuCo2,12.66209,4.6124773,16.751205,7.919769
en,103,15.0,emerged,ZuCo2,12.665143,4.3216367,17.843493,8.746655
en,103,16.0,in,ZuCo2,11.1787405,3.4779718,11.85544,3.7564845
en,103,17.0,the,ZuCo2,14.343598,6.015542,19.006208,9.694031
en,103,18.0,"west,",ZuCo2,13.470059,5.1354246,19.06814,9.537821
en,103,19.0,centers,ZuCo2,14.494863,6.1574125,18.719534,9.000288
en,103,20.0,of,ZuCo2,10.540797,2.5985913,11.167643,3.0096598
en,103,21.0,world,ZuCo2,14.30379,5.8655643,19.894722,10.507487
en,103,22.0,trade,ZuCo2,13.181457,4.791197,17.59321,8.268311
en,103,23.0,shifted,ZuCo2,12.903232,4.3210077,18.994154,9.458818
en,103,24.0,from,ZuCo2,11.998197,3.8073976,14.955209,6.5198936
en,103,25.0,Constantinople,ZuCo2,13.961855,5.970645,20.324722,13.066649
en,103,26.0,to,ZuCo2,12.24762,4.059443,14.441685,6.0040584
en,103,27.0,Venice,ZuCo2,14.147155,6.237242,20.299921,12.877797
en,103,28.0,to,ZuCo2,12.292626,3.9627225,14.686293,6.08628
en,103,29.0,Amsterdam,ZuCo2,14.390927,6.6100636,20.22636,12.64744
en,103,30.0,to,ZuCo2,12.617738,4.420116,14.348555,5.834908
en,103,31.0,London.,ZuCo2,15.437718,8.893819,19.095798,12.654831
en,122,0.0,After,ZuCo2,13.771484,5.950576,20.327675,13.145803
en,122,1.0,two,ZuCo2,11.680771,3.244614,19.856573,11.576292
en,122,2.0,years,ZuCo2,11.400341,3.4630764,15.910561,7.866729
en,122,3.0,of,ZuCo2,10.985658,2.9202948,12.988953,4.9280977
en,122,4.0,toiling,ZuCo2,14.271632,7.193079,19.717806,14.48764
en,122,5.0,in,ZuCo2,11.553431,3.6018603,12.138037,3.78418
en,122,6.0,California,ZuCo2,13.550426,4.881938,19.8915,10.496226
en,122,7.0,he,ZuCo2,11.956427,3.2234128,13.669598,4.812861
en,122,8.0,began,ZuCo2,13.251679,4.5438976,18.543417,9.185362
en,122,9.0,passage,ZuCo2,13.215291,4.9476085,20.414734,12.199103
en,122,10.0,"home,",ZuCo2,13.466709,5.53288,16.765968,8.138264
en,122,11.0,by,ZuCo2,13.275752,4.863495,18.231714,8.829624
en,122,12.0,"ship,",ZuCo2,12.688371,4.2987742,17.319601,8.069937
en,122,13.0,to,ZuCo2,11.665869,3.1153343,13.146136,4.541907
en,122,14.0,retrieve,ZuCo2,13.261222,4.598562,18.518452,8.820919
en,122,15.0,his,ZuCo2,11.019932,2.748636,11.897809,3.5510404
en,122,16.0,family,ZuCo2,12.2516775,3.6150467,14.872393,6.0791435
en,122,17.0,in,ZuCo2,12.245791,4.2460976,12.985962,4.6389823
en,122,18.0,New,ZuCo2,14.334194,5.9456434,19.625784,10.063363
en,122,19.0,York.,ZuCo2,15.207118,7.7221746,19.319845,10.521044
en,128,0.0,In,ZuCo2,14.531138,6.5689855,16.084375,7.278745
en,128,1.0,March,ZuCo2,13.880855,7.111697,19.460976,15.268722
en,128,2.0,1819,ZuCo2,14.555083,7.99654,19.474108,14.547066
en,128,3.0,he,ZuCo2,13.277887,4.8004546,15.923578,7.327172
en,128,4.0,married,ZuCo2,12.448308,4.041803,19.747965,10.932434
en,128,5.0,Martha,ZuCo2,12.509524,3.8323376,18.198421,9.1225395
en,128,6.0,Hodgkins,ZuCo2,14.483019,6.949528,20.031473,13.546738
en,128,7.0,of,ZuCo2,12.184631,4.969469,13.25835,5.4634356
en,128,8.0,"Philadelphia,",ZuCo2,13.267433,5.322536,20.337711,13.647122
en,128,9.0,Pennsylvania.,ZuCo2,14.927465,8.866941,18.850218,14.691434
en,137,0.0,Her,ZuCo2,14.867843,7.634397,19.801006,13.282653
en,137,1.0,"father,",ZuCo2,14.327812,6.853754,20.10366,13.485013
en,137,2.0,a,ZuCo2,13.354087,5.0804663,16.12912,7.631102
en,137,3.0,former,ZuCo2,12.18234,4.052874,20.223223,13.026159
en,137,4.0,flight,ZuCo2,11.496702,3.1101482,19.398933,10.774421
en,137,5.0,attendant,ZuCo2,12.592383,4.3041463,20.374722,12.537888
en,137,6.0,(air,ZuCo2,14.808098,6.524396,18.451242,9.152978
en,137,7.0,"steward),",ZuCo2,14.169685,6.157448,20.291634,12.700826
en,137,8.0,is,ZuCo2,12.461392,4.515957,14.22077,5.832358
en,137,9.0,"deceased,",ZuCo2,12.673375,4.3987365,16.879385,7.762702
en,137,10.0,although,ZuCo2,13.603875,5.0135517,18.729742,9.285555
en,137,11.0,when,ZuCo2,13.885012,5.6059785,18.288298,8.610677
en,137,12.0,or,ZuCo2,12.940558,4.9395022,15.305035,7.2554
en,137,13.0,how,ZuCo2,12.983273,4.9359655,16.520304,7.866965
en,137,14.0,this,ZuCo2,12.373768,4.143903,14.274505,6.0836983
en,137,15.0,occurred,ZuCo2,13.419205,4.975213,19.053057,9.525769
en,137,16.0,has,ZuCo2,12.527776,4.3920884,13.687902,5.279686
en,137,17.0,not,ZuCo2,11.539897,3.629933,12.760518,4.8935857
en,137,18.0,been,ZuCo2,11.253173,3.4874089,12.748032,4.84816
en,137,19.0,explained.,ZuCo2,12.528036,4.0229177,18.412918,9.034852
en,139,0.0,All,ZuCo2,13.403772,4.9630804,20.378967,12.610811
en,139,1.0,members,ZuCo2,12.348216,4.187861,20.262281,13.277473
en,139,2.0,of,ZuCo2,12.053689,3.7256417,14.558952,6.3095813
en,139,3.0,the,ZuCo2,11.6669445,3.354058,14.935555,6.9579344
en,139,4.0,Bouvier,ZuCo2,12.223494,3.5567927,20.200539,12.068132
en,139,5.0,family,ZuCo2,11.2382145,3.2679837,14.356991,6.2232327
en,139,6.0,"(except,",ZuCo2,12.577182,4.5683804,16.176268,8.025824
en,139,7.0,of,ZuCo2,13.384446,4.835006,19.608349,10.373543
en,139,8.0,"course,",ZuCo2,11.79114,3.6073692,20.127192,13.014507
en,139,9.0,Marge),ZuCo2,14.448424,7.5704374,19.506647,14.682463
en,139,10.0,smoke,ZuCo2,12.53559,4.105583,19.330763,9.779053
en,139,11.0,heavily,ZuCo2,13.678161,5.093553,19.659027,10.250187
en,139,12.0,and,ZuCo2,11.361861,3.4306307,14.560271,6.75526
en,139,13.0,have,ZuCo2,13.741931,5.3205237,18.673697,9.055311
en,139,14.0,gruff,ZuCo2,13.405849,5.126982,20.372728,13.053592
en,139,15.0,voices,ZuCo2,12.581416,4.1985745,17.700083,8.382042
en,139,16.0,and,ZuCo2,10.549562,2.9326158,11.750036,4.0539293
en,139,17.0,"sarcastic,",ZuCo2,14.0984125,6.094153,20.297087,12.9932995
en,139,18.0,snarky,ZuCo2,14.577267,6.8942194,19.98929,13.480434
en,139,19.0,demeanours.,ZuCo2,15.36339,7.6343555,19.314753,10.721737
en,155,0.0,He,ZuCo2,13.845511,5.2407436,15.439068,6.2974877
en,155,1.0,is,ZuCo2,13.563734,5.701103,20.380323,13.011868
en,155,2.0,named,ZuCo2,12.360528,4.1933813,20.236197,11.487244
en,155,3.0,for,ZuCo2,13.648645,5.3163996,19.454027,10.046829
en,155,4.0,his,ZuCo2,12.524021,4.0300436,15.172377,6.730481
en,155,5.0,maternal,ZuCo2,13.341069,5.454955,20.297863,13.619633
en,155,6.0,grandfather.,ZuCo2,14.316898,7.0441747,19.92673,13.958885
en,171,0.0,Following,ZuCo2,14.577918,7.568017,19.812016,13.757694
en,171,1.0,the,ZuCo2,12.116452,4.195021,15.173841,7.404498
en,171,2.0,restoration,ZuCo2,12.340086,4.7186923,19.948103,14.564097
en,171,3.0,of,ZuCo2,12.726221,4.9924464,14.164634,6.2315445
en,171,4.0,Portuguese,ZuCo2,12.1868,3.605116,18.929464,9.670741
en,171,5.0,independence,ZuCo2,13.128753,4.7286186,20.300539,11.585877
en,171,6.0,from,ZuCo2,13.013834,5.1207743,14.745136,6.656509
en,171,7.0,"Spain,",ZuCo2,12.510201,4.102412,16.585768,7.6892776
en,171,8.0,and,ZuCo2,11.374025,3.3541915,12.851359,4.6871405
en,171,9.0,her,ZuCo2,12.869962,4.296858,17.028677,8.156825
en,171,10.0,father's,ZuCo2,12.81409,4.139398,17.360304,8.292072
en,171,11.0,accession,ZuCo2,14.769084,7.5306396,19.870104,13.252481
en,171,12.0,to,ZuCo2,12.607583,4.0378847,14.703976,5.762642
en,171,13.0,the,ZuCo2,11.629141,3.3169944,14.802105,6.6516223
en,171,14.0,throne,ZuCo2,12.492783,4.0680275,16.599886,7.589723
en,171,15.0,on,ZuCo2,12.204589,4.111759,13.811179,5.5073476
en,171,16.0,December,ZuCo2,13.023147,5.0706463,20.256634,13.830139
en,171,17.0,"1,",ZuCo2,11.906058,3.9936683,13.838763,5.7699018
en,171,18.0,"1640,",ZuCo2,15.358607,9.853551,18.243694,14.051696
en,171,19.0,Catherine,ZuCo2,12.9691515,4.1776476,19.064013,9.558424
en,171,20.0,was,ZuCo2,11.598393,3.6659443,14.363801,6.401319
en,171,21.0,engaged,ZuCo2,13.004242,4.525301,20.424614,12.220167
en,171,22.0,to,ZuCo2,12.595524,4.242503,15.046194,6.594847
en,171,23.0,Charles,ZuCo2,12.962139,4.974717,20.126387,14.176386
en,171,24.0,II.,ZuCo2,15.015594,7.087349,18.503098,9.286975
en,178,0.0,Laurance,ZuCo2,12.957444,5.436321,19.871151,14.8668995
en,178,1.0,married,ZuCo2,12.695064,4.888742,20.190477,13.995332
en,178,2.0,Mary,ZuCo2,12.676211,4.2294126,20.01566,10.835202
en,178,3.0,French,ZuCo2,12.587137,4.5453215,20.32287,13.415967
en,178,4.0,in,ZuCo2,13.016037,5.492793,13.97887,5.701159
en,178,5.0,1934.,ZuCo2,15.279185,10.271867,17.663233,14.272781
en,182,0.0,They,ZuCo2,14.61158,5.9574203,17.855974,8.584767
en,182,1.0,had,ZuCo2,14.7057905,6.779555,19.959555,11.212509
en,182,2.0,four,ZuCo2,12.950615,4.6197567,20.335358,12.006482
en,182,3.0,children:,ZuCo2,12.287227,3.897729,20.06809,11.30766
en,182,4.0,Frederick,ZuCo2,13.170035,5.628495,19.88532,14.834694
en,182,5.0,Dent,ZuCo2,12.774817,5.2652264,19.938078,14.737104
en,182,6.0,"Grant,",ZuCo2,12.8829,4.3384876,19.440725,10.085329
en,182,7.0,Ulysses,ZuCo2,13.087411,5.4995804,20.018972,14.570256
en,182,8.0,S.,ZuCo2,13.224298,4.92827,16.538748,7.6482635
en,182,9.0,(Buck),ZuCo2,14.000942,6.13683,20.260397,13.21472
en,182,10.0,"Grant,",ZuCo2,13.365739,4.7379894,19.105904,9.410219
en,182,11.0,"Jr.,",ZuCo2,14.3071785,5.9057674,19.93859,10.6617365
en,182,12.0,Ellen,ZuCo2,13.832853,5.306946,20.328241,11.488584
en,182,13.0,(Nellie),ZuCo2,13.349204,4.7873015,20.364836,12.004674
en,182,14.0,"Grant,",ZuCo2,13.543618,5.068254,18.43046,8.585942
en,182,15.0,and,ZuCo2,10.915938,3.1094148,12.528033,4.4129972
en,182,16.0,Jesse,ZuCo2,13.889263,5.196336,19.958569,10.352818
en,182,17.0,Root,ZuCo2,14.777591,7.3612385,19.936926,13.209648
en,182,18.0,Grant.,ZuCo2,14.92127,6.9685163,19.355444,9.906122
en,226,0.0,For,ZuCo2,14.938692,8.388099,19.417597,13.776253
en,226,1.0,his,ZuCo2,12.557334,4.1964045,20.089537,11.51964
en,226,2.0,contribution,ZuCo2,12.210837,4.2930818,20.285568,13.446073
en,226,3.0,to,ZuCo2,11.390238,2.9987628,14.009061,5.855847
en,226,4.0,the,ZuCo2,12.585268,4.03191,15.494937,7.132187
en,226,5.0,television,ZuCo2,12.316519,3.9453325,16.50194,7.54258
en,226,6.0,"industry,",ZuCo2,13.973008,5.7270393,18.66246,9.3342285
en,226,7.0,J.,ZuCo2,13.249937,5.092493,16.467382,7.7981806
en,226,8.0,Carrol,ZuCo2,13.729243,6.4732094,19.88219,14.660759
en,226,9.0,Naish,ZuCo2,15.492028,8.2574835,19.108402,11.055438
en,226,10.0,has,ZuCo2,14.338239,6.325593,17.05698,8.136226
en,226,11.0,a,ZuCo2,12.326451,4.2632446,14.699881,6.4949045
en,226,12.0,star,ZuCo2,12.087987,3.7556007,17.110716,7.9278746
en,226,13.0,on,ZuCo2,11.536564,3.474097,13.832335,5.735143
en,226,14.0,the,ZuCo2,11.188815,2.9945023,13.136527,5.073611
en,226,15.0,Hollywood,ZuCo2,12.55494,3.9368055,18.550817,8.892008
en,226,16.0,Walk,ZuCo2,11.068606,3.1245368,13.754881,5.5067544
en,226,17.0,of,ZuCo2,10.512433,2.8900716,11.384565,3.647178
en,226,18.0,Fame,ZuCo2,11.140655,3.0826764,13.738243,5.3557005
en,226,19.0,at,ZuCo2,11.597806,3.5306468,12.560785,4.198191
en,226,20.0,6145,ZuCo2,14.992634,7.6968803,19.783041,12.668351
en,226,21.0,Hollywood,ZuCo2,13.765363,5.4000597,20.337105,11.532773
en,226,22.0,Blvd.,ZuCo2,15.211703,8.036704,19.31585,10.952432
en,233,0.0,Two,ZuCo2,13.666649,5.8925667,20.323936,13.161848
en,233,1.0,weeks,ZuCo2,12.42619,4.8909206,20.214039,13.795521
en,233,2.0,later,ZuCo2,12.752612,5.2409196,16.51141,8.465361
en,233,3.0,she,ZuCo2,12.541291,4.120146,16.628817,8.075083
en,233,4.0,married,ZuCo2,12.357168,4.034084,19.11405,9.854647
en,233,5.0,Michael,ZuCo2,12.8831625,4.399127,18.819635,9.487805
en,233,6.0,Jackson,ZuCo2,12.670056,4.3313775,17.895494,8.69564
en,233,7.0,on,ZuCo2,14.412399,6.5872173,17.016157,8.439729
en,233,8.0,May,ZuCo2,13.553981,5.339251,20.282394,11.489829
en,233,9.0,"18,",ZuCo2,12.486772,4.7422986,16.375744,7.917432
en,233,10.0,1994.,ZuCo2,15.403066,10.13895,18.03406,13.703461
en,238,0.0,Sometime,ZuCo2,14.009929,6.3471756,20.197515,13.541008
en,238,1.0,during,ZuCo2,12.046801,3.7446587,19.761457,11.695289
en,238,2.0,the,ZuCo2,12.151142,4.049934,15.410824,7.7268286
en,238,3.0,second,ZuCo2,11.939001,3.4301608,18.004744,9.025342
en,238,4.0,half,ZuCo2,12.98591,4.721301,18.815481,9.955532
en,238,5.0,of,ZuCo2,11.443004,4.014977,12.099108,4.483677
en,238,6.0,"1683,",ZuCo2,15.144973,9.114128,18.826927,14.130597
en,238,7.0,the,ZuCo2,11.236389,3.1932614,13.738094,5.91163
en,238,8.0,Franklins,ZuCo2,13.672387,6.684976,19.534563,15.289482
en,238,9.0,left,ZuCo2,12.968443,4.6536345,20.16246,11.219938
en,238,10.0,England,ZuCo2,12.701867,4.0179777,19.048965,9.653855
en,238,11.0,for,ZuCo2,12.324861,3.8718839,15.8807335,7.280081
en,238,12.0,"Boston,",ZuCo2,13.044285,4.4514656,20.357332,11.851975
en,238,13.0,Massachusetts;,ZuCo2,14.040885,6.126752,20.253521,13.332487
en,238,14.0,and,ZuCo2,12.238631,4.0098953,15.9964695,7.6428447
en,238,15.0,while,ZuCo2,12.065125,4.3001423,19.991411,14.343723
en,238,16.0,in,ZuCo2,11.561795,3.6674488,13.974489,5.9540477
en,238,17.0,"Boston,",ZuCo2,12.766854,4.3630767,20.386753,12.517075
en,238,18.0,they,ZuCo2,12.773354,4.047719,15.7561035,7.3286195
en,238,19.0,had,ZuCo2,13.041375,4.503566,17.876066,8.457994
en,238,20.0,several,ZuCo2,12.584674,4.117006,16.223043,7.8287144
en,238,21.0,more,ZuCo2,10.608603,3.317902,12.527279,5.369285
en,238,22.0,"children,",ZuCo2,12.225015,3.6516368,18.329391,9.001765
en,238,23.0,including:,ZuCo2,13.989408,5.872317,20.29768,11.736019
en,238,24.0,Josiah,ZuCo2,14.011067,6.1904826,20.2745,13.291988
en,238,25.0,Jr.,ZuCo2,13.504321,5.411562,20.404278,12.456344
en,238,26.0,(August,ZuCo2,13.578158,5.1215053,20.187191,11.35131
en,238,27.0,"23,",ZuCo2,12.329324,4.226101,17.756626,8.94295
en,238,28.0,"1685),",ZuCo2,15.199561,9.027967,19.018751,13.669655
en,238,29.0,Ann,ZuCo2,13.369628,4.8962812,20.386236,12.086696
en,238,30.0,(January,ZuCo2,13.399941,5.6200576,20.205791,13.953114
en,238,31.0,"5,",ZuCo2,11.390169,3.587818,14.051097,6.209859
en,238,32.0,"1687),",ZuCo2,15.215529,8.998114,19.002817,13.691866
en,238,33.0,Joseph,ZuCo2,13.140936,4.9057016,20.419903,13.008243
en,238,34.0,(February,ZuCo2,13.550231,5.9019866,20.208961,13.911802
en,238,35.0,"5,",ZuCo2,11.742841,3.8784788,14.535617,6.53555
en,238,36.0,"1688),",ZuCo2,15.232545,9.021589,19.007284,13.622386
en,238,37.0,and,ZuCo2,11.4832945,3.358214,13.780536,5.6215167
en,238,38.0,Joseph,ZuCo2,12.802571,4.2464447,20.299181,11.786809
en,238,39.0,(June,ZuCo2,13.91689,5.729134,20.230772,11.737055
en,238,40.0,"30,",ZuCo2,13.298346,5.5226603,17.267797,8.573061
en,238,41.0,1689),ZuCo2,15.20397,8.749763,19.252766,13.264907
en,238,42.0,(the,ZuCo2,14.140645,5.8264194,18.039747,9.098018
en,238,43.0,first,ZuCo2,13.015887,4.592744,19.9374,10.832888
en,238,44.0,Joseph,ZuCo2,13.438751,5.142732,20.406477,12.475346
en,238,45.0,having,ZuCo2,13.058766,4.753212,20.400066,12.05855
en,238,46.0,died,ZuCo2,11.415378,3.3315313,15.11035,6.8849945
en,238,47.0,soon,ZuCo2,12.768238,4.65891,16.686403,8.122178
en,238,48.0,after,ZuCo2,12.610512,5.0712576,14.689608,6.6586246
en,238,49.0,birth).,ZuCo2,12.3502035,4.2915854,16.710434,8.076309
en,239,0.0,While,ZuCo2,14.334144,6.713796,20.195723,12.881575
en,239,1.0,the,ZuCo2,12.063321,3.7216203,16.808744,8.949514
en,239,2.0,identity,ZuCo2,12.892261,4.4770756,19.75642,10.550403
en,239,3.0,of,ZuCo2,12.842641,5.168213,13.847648,6.091929
en,239,4.0,William's,ZuCo2,13.656234,5.3946133,20.363031,12.988332
en,239,5.0,mother,ZuCo2,12.243516,3.730102,16.992107,8.105982
en,239,6.0,remains,ZuCo2,13.106085,4.6837373,17.704472,8.659617
en,239,7.0,"unknown,",ZuCo2,11.979883,3.8054097,16.564186,8.093575
en,239,8.0,perhaps,ZuCo2,14.113873,5.4632545,18.578627,9.193802
en,239,9.0,the,ZuCo2,11.225616,2.8299968,13.520527,5.2226944
en,239,10.0,responsibility,ZuCo2,13.029284,4.482345,19.935331,10.672742
en,239,11.0,of,ZuCo2,12.9765,4.638176,15.390047,7.1949186
en,239,12.0,an,ZuCo2,13.242112,4.7116456,15.797996,7.2825303
en,239,13.0,infant,ZuCo2,12.552768,3.9616725,18.84867,9.480352
en,239,14.0,child,ZuCo2,12.3341875,4.032226,15.586893,7.1893888
en,239,15.0,gave,ZuCo2,12.0569,3.7515206,14.873778,6.7247624
en,239,16.0,Franklin,ZuCo2,12.12537,3.5134194,19.724262,10.98255
en,239,17.0,a,ZuCo2,11.1013155,2.8502903,12.032276,3.8031013
en,239,18.0,reason,ZuCo2,12.788267,4.2047234,17.05639,8.428624
en,239,19.0,to,ZuCo2,10.546428,2.4574444,11.1510105,3.019882
en,239,20.0,take,ZuCo2,12.800283,4.137577,16.66369,7.3790116
en,239,21.0,up,ZuCo2,13.391454,5.043829,17.013556,8.182708
en,239,22.0,residence,ZuCo2,13.731797,5.115421,20.204554,11.174291
en,239,23.0,with,ZuCo2,12.770832,4.8563194,13.972687,5.843239
en,239,24.0,Deborah,ZuCo2,13.687255,5.2313538,20.3877,12.067299
en,239,25.0,Read.,ZuCo2,15.375722,8.779257,19.112917,13.233099
en,247,0.0,At,ZuCo2,12.361879,3.9646213,12.91305,4.148085
en,247,1.0,the,ZuCo2,13.6717,5.2649736,18.41205,9.533279
en,247,2.0,end,ZuCo2,13.11527,4.7251544,17.992918,8.956903
en,247,3.0,of,ZuCo2,12.3674345,4.56532,13.23884,5.1299286
en,247,4.0,the,ZuCo2,13.739953,5.6003866,15.78637,7.384711
en,247,5.0,war,ZuCo2,11.262736,3.1298227,15.54204,7.363778
en,247,6.0,he,ZuCo2,12.770556,4.253095,13.678968,4.82509
en,247,7.0,was,ZuCo2,13.451779,5.1933885,15.373463,6.8194666
en,247,8.0,a,ZuCo2,11.185004,3.207652,12.288034,4.1204762
en,247,9.0,captain,ZuCo2,13.998143,5.330289,19.867725,10.309292
en,247,10.0,on,ZuCo2,12.92536,4.9103956,15.302891,7.072394
en,247,11.0,General,ZuCo2,13.183398,5.145364,20.258392,13.716706
en,247,12.0,Douglas,ZuCo2,12.317244,3.9554412,20.29436,12.998527
en,247,13.0,MacArthur's,ZuCo2,13.5398035,5.777808,20.17343,14.020644
en,247,14.0,intelligence,ZuCo2,13.622442,5.664389,20.304104,13.5175905
en,247,15.0,staff.,ZuCo2,14.694329,7.0432873,20.064034,12.233066
en,248,0.0,Early,ZuCo2,13.814921,5.611931,20.267183,12.21269
en,248,1.0,in,ZuCo2,14.039115,6.425581,16.372978,8.194496
en,248,2.0,"life,",ZuCo2,13.18801,5.305563,20.41802,13.121514
en,248,3.0,he,ZuCo2,12.832377,3.9071152,14.463314,5.4566717
en,248,4.0,developed,ZuCo2,12.400821,4.1259627,20.299353,13.031362
en,248,5.0,an,ZuCo2,12.617381,4.2908278,14.8952055,6.559049
en,248,6.0,interest,ZuCo2,13.452689,5.3034983,20.382753,12.309715
en,248,7.0,in,ZuCo2,15.390966,8.195663,16.594126,8.342791
en,248,8.0,politics,ZuCo2,13.967279,5.5036783,17.844965,8.788257
en,248,9.0,and,ZuCo2,12.164043,4.326074,13.494337,5.635308
en,248,10.0,"history,",ZuCo2,13.415393,4.927796,17.282515,8.085026
en,248,11.0,"and,",ZuCo2,12.529763,4.1558285,15.657059,6.853106
en,248,12.0,during,ZuCo2,13.158557,4.7376857,19.745792,10.767218
en,248,13.0,the,ZuCo2,13.030281,4.613989,15.2136,6.9176884
en,248,14.0,war,ZuCo2,12.671962,4.0951843,16.700672,7.8709173
en,248,15.0,"years,",ZuCo2,12.10494,4.05414,14.298159,6.28383
en,248,16.0,a,ZuCo2,11.682915,3.2556736,12.848179,4.1395297
en,248,17.0,special,ZuCo2,11.94486,3.4411452,17.971216,9.068381
en,248,18.0,admiration,ZuCo2,13.3212595,5.760625,20.121477,14.220556
en,248,19.0,for,ZuCo2,12.425346,3.888518,15.437212,7.1199403
en,248,20.0,Winston,ZuCo2,13.022035,4.3943152,16.50807,7.4628596
en,248,21.0,"Churchill,",ZuCo2,13.03625,4.96864,15.215023,6.671682
en,248,22.0,whom,ZuCo2,12.86658,4.420409,13.829032,4.9061837
en,248,23.0,he,ZuCo2,12.173156,3.3427298,14.515126,5.937682
en,248,24.0,would,ZuCo2,12.149325,3.8061156,15.41095,6.9727683
en,248,25.0,later,ZuCo2,12.484824,4.2129226,17.675375,8.674064
en,248,26.0,cite,ZuCo2,13.34469,4.847059,18.3924,8.769794
en,248,27.0,as,ZuCo2,13.051925,5.124557,13.787043,5.55427
en,248,28.0,an,ZuCo2,13.138993,4.967982,13.986779,5.569034
en,248,29.0,important,ZuCo2,13.148552,4.5456867,16.665707,7.763506
en,248,30.0,influence.,ZuCo2,15.1140175,8.706267,19.21082,13.574935
en,250,0.0,In,ZuCo2,14.8985815,6.5988464,19.195772,9.733231
en,250,1.0,"1990,",ZuCo2,14.910504,8.784771,18.862972,14.763083
en,250,2.0,he,ZuCo2,14.933962,6.7484126,18.081396,8.901074
en,250,3.0,wrote,ZuCo2,12.132064,3.790983,20.282085,12.426167
en,250,4.0,Fighting,ZuCo2,12.144,4.05919,20.097486,13.949746
en,250,5.0,for,ZuCo2,13.23603,4.742333,16.766659,8.259323
en,250,6.0,"Peace,",ZuCo2,12.653776,4.172855,18.452806,9.021797
en,250,7.0,an,ZuCo2,12.230174,3.8985364,13.38092,4.8763576
en,250,8.0,account,ZuCo2,12.9140215,4.415233,19.372072,9.920546
en,250,9.0,of,ZuCo2,10.967226,3.108343,12.203257,4.272201
en,250,10.0,his,ZuCo2,12.962344,4.4888844,15.020593,6.294219
en,250,11.0,Pentagon,ZuCo2,13.575337,5.935133,20.113468,14.20516
en,250,12.0,years;,ZuCo2,12.713015,4.6407356,16.153645,7.599702
en,250,13.0,in,ZuCo2,14.142961,5.9556713,17.366056,8.237531
en,250,14.0,"1996,",ZuCo2,13.81395,6.743885,19.65634,14.993974
en,250,15.0,Weinberger,ZuCo2,14.41632,6.546849,20.148136,13.147818
en,250,16.0,co-authored,ZuCo2,13.078654,4.7377024,20.383688,12.772664
en,250,17.0,a,ZuCo2,11.498817,3.3443072,12.740194,4.4289126
en,250,18.0,book,ZuCo2,12.179645,3.9551349,15.842161,7.0982213
en,250,19.0,entitled,ZuCo2,13.296556,4.6648264,18.583048,8.761938
en,250,20.0,The,ZuCo2,12.050788,3.661946,14.147866,5.5621104
en,250,21.0,Next,ZuCo2,13.306239,4.9303746,18.773125,9.134399
en,250,22.0,"War,",ZuCo2,11.8424635,3.6394475,14.706158,6.2286487
en,250,23.0,which,ZuCo2,12.875621,4.4131513,14.154126,5.208797
en,250,24.0,raised,ZuCo2,12.68756,3.9664876,19.075869,9.439951
en,250,25.0,questions,ZuCo2,12.344214,3.789074,17.24811,8.071509
en,250,26.0,about,ZuCo2,12.005345,3.5951722,13.967496,5.6060987
en,250,27.0,the,ZuCo2,11.275899,2.9300945,13.067986,4.8225675
en,250,28.0,adequacy,ZuCo2,14.117381,6.0869837,20.268011,12.284093
en,250,29.0,of,ZuCo2,11.605955,3.610216,12.82712,4.6783032
en,250,30.0,U.S.,ZuCo2,13.120941,4.197098,17.994133,8.608363
en,250,31.0,military,ZuCo2,13.5808525,4.8524523,18.42903,8.610941
en,250,32.0,capabilities,ZuCo2,13.741074,5.1275444,19.410091,9.808387
en,250,33.0,following,ZuCo2,13.584335,5.5732317,16.09957,7.3419666
en,250,34.0,the,ZuCo2,12.67303,4.5808067,14.492865,6.387384
en,250,35.0,end,ZuCo2,12.107886,3.9866602,14.6904545,6.446989
en,250,36.0,of,ZuCo2,10.97058,3.1116576,11.416344,3.391875
en,250,37.0,the,ZuCo2,11.869701,3.7846055,12.908489,4.723333
en,250,38.0,Cold,ZuCo2,14.827065,6.694025,19.840515,11.094902
en,250,39.0,War.,ZuCo2,13.312441,5.437402,15.553209,7.1344495
en,258,0.0,In,ZuCo2,15.323852,7.362216,18.496119,9.148167
en,258,1.0,"1912,",ZuCo2,14.876059,8.828588,18.804941,14.871244
en,258,2.0,his,ZuCo2,14.756192,6.5136247,19.066677,9.679042
en,258,3.0,interests,ZuCo2,12.9487705,5.32748,20.160015,14.2067175
en,258,4.0,developed,ZuCo2,12.286757,3.9783447,19.75675,11.191209
en,258,5.0,into,ZuCo2,12.488851,4.064,15.33269,6.5021396
en,258,6.0,using,ZuCo2,12.4746065,4.029564,19.502611,10.799299
en,258,7.0,his,ZuCo2,11.3336315,3.001166,12.838995,4.2739472
en,258,8.0,mathematical,ZuCo2,12.793029,4.140813,19.193785,9.9427
en,258,9.0,skills,ZuCo2,12.182511,4.0563416,15.328367,6.993542
en,258,10.0,assisting,ZuCo2,13.611769,5.167571,19.38664,9.984776
en,258,11.0,Henry,ZuCo2,12.587232,3.8422773,18.233837,8.850165
en,258,12.0,Moseley,ZuCo2,13.985483,6.393081,20.076784,14.018051
en,258,13.0,on,ZuCo2,13.6094,5.0375986,18.068058,8.617687
en,258,14.0,X-ray,ZuCo2,13.943642,5.5377693,20.275328,12.018903
en,258,15.0,diffraction.,ZuCo2,15.432356,8.916528,19.1006,13.097347
en,261,0.0,He,ZuCo2,12.84289,4.1089125,13.730917,4.533926
en,261,1.0,was,ZuCo2,13.435746,5.057878,19.916689,10.868657
en,261,2.0,campaign,ZuCo2,12.582985,4.96973,19.987484,14.504168
en,261,3.0,manager,ZuCo2,12.714839,4.378452,19.912697,11.014445
en,261,4.0,for,ZuCo2,12.093868,3.9068177,14.396229,6.387671
en,261,5.0,Ford's,ZuCo2,13.079995,4.6160746,20.298798,12.017529
en,261,6.0,1976,ZuCo2,14.812095,7.736161,19.693796,13.642944
en,261,7.0,presidential,ZuCo2,12.841603,5.0281253,20.201036,14.064548
en,261,8.0,"campaign,",ZuCo2,12.789837,4.5206866,16.198668,7.5453243
en,261,9.0,while,ZuCo2,13.540957,5.104938,18.81129,9.51336
en,261,10.0,James,ZuCo2,12.785829,4.197381,19.808521,10.9342165
en,261,11.0,Baker,ZuCo2,12.80115,4.639898,20.302404,13.553113
en,261,12.0,served,ZuCo2,12.892212,4.3079076,18.860018,9.173391
en,261,13.0,as,ZuCo2,12.674937,4.6154737,13.239596,4.556648
en,261,14.0,campaign,ZuCo2,13.930053,5.653763,20.306631,12.411632
en,261,15.0,chairman.,ZuCo2,15.455804,8.008311,19.01809,10.630924
en,264,0.0,Since,ZuCo2,13.870591,5.894205,20.27955,11.98085
en,264,1.0,his,ZuCo2,14.0459795,5.6891546,17.303556,8.731518
en,264,2.0,second,ZuCo2,13.405334,5.1181707,19.66371,10.288986
en,264,3.0,Wyoming,ZuCo2,14.290034,6.3559933,20.285707,12.4393835
en,264,4.0,"arrest,",ZuCo2,13.463013,5.1833014,18.6886,8.759162
en,264,5.0,Cheney,ZuCo2,13.653716,5.058363,20.33467,11.777277
en,264,6.0,has,ZuCo2,13.336812,5.2484593,15.472151,7.095119
en,264,7.0,had,ZuCo2,12.243002,3.9531019,15.088654,6.576839
en,264,8.0,no,ZuCo2,11.453498,3.249342,12.692707,4.520882
en,264,9.0,further,ZuCo2,12.779727,4.6470394,14.947495,6.539915
en,264,10.0,convictions.,ZuCo2,14.835116,7.355008,19.943037,12.84835
en,272,0.0,Mary,ZuCo2,14.676934,7.7436485,19.673374,14.081207
en,272,1.0,is,ZuCo2,14.992056,7.4490023,19.810688,11.649167
en,272,2.0,one,ZuCo2,14.322852,5.9089923,19.107718,9.516261
en,272,3.0,of,ZuCo2,11.441419,3.7059455,12.82445,4.9187837
en,272,4.0,her,ZuCo2,13.150836,4.606824,17.016544,8.192121
en,272,5.0,father's,ZuCo2,12.324338,3.7253296,17.947111,8.854059
en,272,6.0,top,ZuCo2,11.954607,3.826525,15.140013,6.7170744
en,272,7.0,campaign,ZuCo2,12.888573,4.3013754,20.400015,12.339923
en,272,8.0,aides,ZuCo2,13.102191,4.5660124,18.814789,9.451035
en,272,9.0,and,ZuCo2,10.389816,2.8040226,11.64411,3.96116
en,272,10.0,closest,ZuCo2,14.471045,6.388818,20.080591,11.176487
en,272,11.0,confidantes,ZuCo2,14.019868,6.5910254,20.004736,14.177913
en,272,12.0,and,ZuCo2,11.863093,3.7775657,13.775705,5.635706
en,272,13.0,lives,ZuCo2,12.771734,4.251621,15.644186,6.695541
en,272,14.0,in,ZuCo2,11.162972,2.9524772,11.95884,3.444148
en,272,15.0,"Denver,",ZuCo2,14.053322,6.104443,20.313839,12.952509
en,272,16.0,Colorado.,ZuCo2,15.187442,8.670687,19.210543,13.757353
en,278,0.0,She,ZuCo2,15.167178,8.146008,19.584484,12.729702
en,278,1.0,is,ZuCo2,15.261111,7.871297,19.389894,10.994803
en,278,2.0,now,ZuCo2,13.460031,5.8161626,20.384989,13.303654
en,278,3.0,a,ZuCo2,12.847523,4.7694283,14.89105,6.5642123
en,278,4.0,public,ZuCo2,13.571075,5.8216815,20.31173,13.445426
en,278,5.0,speaker,ZuCo2,12.193873,4.080864,20.19777,13.361645
en,278,6.0,and,ZuCo2,12.028823,4.002876,14.2527,6.3663
en,278,7.0,"author,",ZuCo2,13.129281,4.787061,20.413418,12.42015
en,278,8.0,and,ZuCo2,11.096447,3.044698,12.476751,4.428934
en,278,9.0,a,ZuCo2,11.377299,3.3119318,12.032139,3.676224
en,278,10.0,senior,ZuCo2,12.68233,4.0763264,19.945988,10.943262
en,278,11.0,fellow,ZuCo2,13.375775,4.7958503,18.955301,9.499107
en,278,12.0,at,ZuCo2,11.411857,3.1665015,12.326747,3.7856293
en,278,13.0,the,ZuCo2,11.366768,3.2808273,12.988638,5.0153847
en,278,14.0,American,ZuCo2,12.008833,3.4119809,18.979895,9.967106
en,278,15.0,Enterprise,ZuCo2,13.065293,4.8556943,20.412024,13.060916
en,278,16.0,Institute.,ZuCo2,14.522008,6.5338087,20.122173,11.352319
en,285,0.0,He,ZuCo2,12.0346,3.3342726,12.605841,3.5253193
en,285,1.0,was,ZuCo2,14.542571,6.270673,19.197178,9.891951
en,285,2.0,reportedly,ZuCo2,13.242767,5.028284,20.403532,12.312615
en,285,3.0,less,ZuCo2,12.958085,4.7800007,17.229567,8.5352
en,285,4.0,hard-line,ZuCo2,13.523475,5.6662316,20.132423,14.035287
en,285,5.0,in,ZuCo2,12.178372,4.17341,13.765865,5.3123736
en,285,6.0,policies,ZuCo2,14.140122,6.320909,20.221045,13.23468
en,285,7.0,toward,ZuCo2,14.786007,6.6073484,18.971083,9.424429
en,285,8.0,the,ZuCo2,12.979423,4.7342935,15.136782,6.915484
en,285,9.0,Soviet,ZuCo2,12.475312,3.7458098,17.46536,8.089033
en,285,10.0,Union,ZuCo2,12.356805,3.948909,15.49025,6.937429
en,285,11.0,than,ZuCo2,12.586494,4.3114605,14.017339,5.423463
en,285,12.0,Weinberger.,ZuCo2,14.608049,7.5799065,19.545383,14.487431
en,297,0.0,The,ZuCo2,14.519105,6.2323713,15.591672,6.7318263
en,297,1.0,arm,ZuCo2,13.358729,4.9515915,16.487663,7.47874
en,297,2.0,injury,ZuCo2,13.447383,5.339181,16.428495,7.8357096
en,297,3.0,kept,ZuCo2,13.169021,4.6509237,16.759485,8.129778
en,297,4.0,him,ZuCo2,12.6577,4.0118623,14.258668,5.5176177
en,297,5.0,from,ZuCo2,11.871854,3.3952558,13.585649,5.013093
en,297,6.0,being,ZuCo2,11.933588,3.6919458,13.818742,5.409691
en,297,7.0,drafted,ZuCo2,13.605245,5.287713,20.052649,10.7382965
en,297,8.0,into,ZuCo2,11.711529,3.1071231,12.510549,3.1973412
en,297,9.0,the,ZuCo2,11.436604,2.8003585,12.762403,3.9717462
en,297,10.0,armed,ZuCo2,13.657019,4.963588,17.372791,7.9654274
en,297,11.0,forces,ZuCo2,12.743419,4.247071,14.961977,6.246172
en,297,12.0,for,ZuCo2,13.280025,4.8627067,15.238442,6.7582064
en,297,13.0,the,ZuCo2,13.253539,4.932206,15.176409,6.761333
en,297,14.0,Second,ZuCo2,13.630226,4.837052,18.339928,8.696772
en,297,15.0,World,ZuCo2,12.946237,4.5010233,19.993563,11.132824
en,297,16.0,War.,ZuCo2,14.873163,6.577781,18.662603,9.083393
en,299,0.0,He,ZuCo2,12.681785,3.939664,13.848709,4.5243664
en,299,1.0,played,ZuCo2,12.68319,4.884055,20.14252,14.155513
en,299,2.0,a,ZuCo2,12.794057,4.4688554,15.129517,6.639783
en,299,3.0,snobby,ZuCo2,14.357373,7.364026,19.507622,14.843615
en,299,4.0,bully,ZuCo2,14.243065,6.0888233,20.26442,11.943463
en,299,5.0,opposite,ZuCo2,13.490316,5.7647767,20.214163,13.836773
en,299,6.0,Mickey,ZuCo2,13.633874,5.1105394,20.218096,11.26491
en,299,7.0,Rooney.,ZuCo2,14.038066,6.0980244,20.291164,13.171743
en,308,0.0,John,ZuCo2,12.18005,3.6266954,17.6659,8.712628
en,308,1.0,Fitzgerald,ZuCo2,12.04111,4.494149,19.891775,14.649048
en,308,2.0,Kennedy,ZuCo2,12.702424,4.298188,20.280123,11.812521
en,308,3.0,(May,ZuCo2,15.479716,9.101032,18.99847,12.731002
en,308,4.0,"29,",ZuCo2,15.126804,7.3586845,19.016092,9.759898
en,308,5.0,1917,ZuCo2,12.34453,5.1347966,19.460634,15.465286
en,308,6.0,-,ZuCo2,0.59018546,0.23575383,0.7554516,0.5436991
en,308,7.0,November,ZuCo2,11.928348,4.2737937,19.821672,14.640804
en,308,8.0,"22,",ZuCo2,11.214076,3.6331513,13.041232,5.3042336
en,308,9.0,"1963),",ZuCo2,14.3665905,6.0224314,19.09902,9.092397
en,308,10.0,also,ZuCo2,11.964056,3.5250356,18.90057,10.058177
en,308,11.0,known,ZuCo2,11.402192,2.9872766,18.002954,8.966883
en,308,12.0,as,ZuCo2,12.6931505,4.8126287,14.404706,6.3211474
en,308,13.0,"JFK,",ZuCo2,12.785515,4.378813,20.36131,12.385736
en,308,14.0,was,ZuCo2,12.891264,4.527807,16.28882,7.5935607
en,308,15.0,the,ZuCo2,10.508705,2.8557289,11.97585,4.282013
en,308,16.0,35th,ZuCo2,15.471403,8.57874,19.187708,11.761539
en,308,17.0,president,ZuCo2,11.850686,3.4023995,19.563725,11.136976
en,308,18.0,of,ZuCo2,11.33185,3.3136475,12.374209,4.1264586
en,308,19.0,the,ZuCo2,11.462747,3.1406682,12.952266,4.653098
en,308,20.0,United,ZuCo2,11.626123,3.238313,14.969032,6.5477953
en,308,21.0,States,ZuCo2,11.371124,3.179957,14.22418,6.3100367
en,308,22.0,of,ZuCo2,11.098951,3.5675204,11.448202,3.6506228
en,308,23.0,America.,ZuCo2,14.5148535,6.137575,18.429844,9.086204
en,316,0.0,In,ZuCo2,15.184698,7.2345905,19.426174,10.446219
en,316,1.0,"1958,",ZuCo2,15.126339,9.199712,18.70553,14.339312
en,316,2.0,Kennedy,ZuCo2,11.832744,3.6463664,20.095888,13.366692
en,316,3.0,published,ZuCo2,13.521431,5.963462,20.2817,13.5893345
en,316,4.0,the,ZuCo2,13.678509,5.2461476,19.852758,11.165319
en,316,5.0,first,ZuCo2,12.855001,4.374694,18.266582,9.000499
en,316,6.0,edition,ZuCo2,13.714297,5.334301,18.922512,9.6608095
en,316,7.0,of,ZuCo2,11.040633,3.1240475,11.933384,3.9304755
en,316,8.0,his,ZuCo2,12.800527,4.2319345,15.979622,7.249566
en,316,9.0,book,ZuCo2,12.6801815,4.2042203,18.059889,8.697716
en,316,10.0,A,ZuCo2,11.437852,3.2642276,12.423012,3.8953054
en,316,11.0,Nation,ZuCo2,12.694737,4.0131364,18.478182,8.7580595
en,316,12.0,of,ZuCo2,11.486216,3.3865721,12.238235,3.6379297
en,316,13.0,"Immigrants,",ZuCo2,13.870194,5.348828,19.94989,10.416985
en,316,14.0,closely,ZuCo2,13.4335375,4.972506,19.964144,10.700071
en,316,15.0,following,ZuCo2,12.430127,4.0929,18.264244,8.8635435
en,316,16.0,his,ZuCo2,11.411674,3.1274967,12.776656,4.2164936
en,316,17.0,involvement,ZuCo2,12.645481,4.166073,19.708023,10.634007
en,316,18.0,in,ZuCo2,11.545962,3.181866,13.005852,4.440157
en,316,19.0,the,ZuCo2,11.383391,3.0013554,12.835576,4.301626
en,316,20.0,Displaced,ZuCo2,13.208594,5.4653397,20.169594,14.046762
en,316,21.0,Persons,ZuCo2,13.520736,5.00661,17.752865,8.502258
en,316,22.0,Act,ZuCo2,12.523582,4.3964148,14.865665,6.183263
en,316,23.0,and,ZuCo2,12.198941,4.0232177,14.0464945,5.8074718
en,316,24.0,the,ZuCo2,12.349464,4.1959767,13.862782,5.7073836
en,316,25.0,1957,ZuCo2,15.207093,7.72101,19.637312,11.582779
en,316,26.0,bill,ZuCo2,13.881663,5.2831407,18.734125,8.891342
en,316,27.0,to,ZuCo2,11.3575,2.9721963,12.3411255,4.0239673
en,316,28.0,bring,ZuCo2,13.253835,4.7933207,16.778112,7.597664
en,316,29.0,families,ZuCo2,12.647212,4.0373297,16.177607,7.066144
en,316,30.0,together.,ZuCo2,14.535968,6.8183146,15.858934,7.378887
en,320,0.0,In,ZuCo2,13.517982,5.3766837,13.962256,5.0270314
en,320,1.0,the,ZuCo2,14.239324,5.991586,17.945393,8.922264
en,320,2.0,spring,ZuCo2,12.748654,4.535307,20.35503,12.571831
en,320,3.0,of,ZuCo2,13.053058,5.536262,14.060345,6.0343914
en,320,4.0,"1941,",ZuCo2,14.165735,7.465996,19.386782,15.051984
en,320,5.0,Kennedy,ZuCo2,12.360547,3.8039677,19.970842,11.606439
en,320,6.0,volunteered,ZuCo2,12.8418665,5.4346666,19.874315,14.828699
en,320,7.0,for,ZuCo2,13.528245,5.2001524,15.767878,7.6222143
en,320,8.0,the,ZuCo2,12.655416,4.1849957,14.81388,6.443643
en,320,9.0,U.S.,ZuCo2,12.472685,3.8139608,16.549541,7.936769
en,320,10.0,"Army,",ZuCo2,12.446013,3.9643834,16.160576,7.179061
en,320,11.0,but,ZuCo2,14.842956,7.0830317,16.023691,7.3715186
en,320,12.0,was,ZuCo2,13.295042,5.184441,15.691319,7.233974
en,320,13.0,"rejected,",ZuCo2,13.030658,4.389677,17.298136,7.766293
en,320,14.0,mainly,ZuCo2,13.737506,5.0853653,19.266996,9.834921
en,320,15.0,because,ZuCo2,11.135799,3.1418583,13.676241,5.917494
en,320,16.0,of,ZuCo2,11.038009,3.2419984,12.012798,4.1929436
en,320,17.0,his,ZuCo2,12.643853,4.049094,13.723636,4.80497
en,320,18.0,troublesome,ZuCo2,13.051998,5.0714254,20.33009,13.534179
en,320,19.0,back.,ZuCo2,14.3789,6.4882774,16.702238,7.4245114
en,323,0.0,George,ZuCo2,13.860652,6.4944153,19.963017,14.465195
en,323,1.0,David,ZuCo2,12.528883,5.0217624,19.891905,14.792478
en,323,2.0,Birkhoff,ZuCo2,13.567032,5.778901,20.147932,14.085285
en,323,3.0,(21,ZuCo2,14.474532,7.302161,19.912825,13.85885
en,323,4.0,March,ZuCo2,11.752305,4.1679,19.677893,14.798442
en,323,5.0,1884,ZuCo2,14.635992,7.579261,19.809622,13.7207775
en,323,6.0,-,ZuCo2,0.35531545,0.2484924,0.41896138,0.35755852
en,323,7.0,12,ZuCo2,13.555832,5.147689,17.850683,8.425411
en,323,8.0,November,ZuCo2,12.641216,4.7200394,20.23005,13.845068
en,323,9.0,1944),ZuCo2,14.405844,7.4438295,19.668068,14.419474
en,323,10.0,was,ZuCo2,12.516258,4.344705,15.427792,6.7878633
en,323,11.0,an,ZuCo2,11.784995,3.9552503,12.766887,4.601047
en,323,12.0,American,ZuCo2,11.282261,2.7570946,17.67551,8.5811205
en,323,13.0,"mathematician,",ZuCo2,13.503947,4.856039,20.343016,11.795405
en,323,14.0,and,ZuCo2,11.866483,3.5952616,13.899624,5.472134
en,323,15.0,one,ZuCo2,12.998447,4.542078,15.995116,7.2745137
en,323,16.0,of,ZuCo2,9.69973,2.5074208,10.139082,2.8568823
en,323,17.0,the,ZuCo2,9.796416,2.4817636,10.454823,3.0070503
en,323,18.0,most,ZuCo2,11.330115,3.3442743,12.946004,4.907883
en,323,19.0,important,ZuCo2,11.588254,3.4385386,14.482645,6.1375117
en,323,20.0,leaders,ZuCo2,13.491169,4.981195,17.661098,8.350367
en,323,21.0,in,ZuCo2,10.742509,2.8713977,11.411117,3.1960151
en,323,22.0,mathematics,ZuCo2,13.473384,4.633141,20.171045,11.215014
en,323,23.0,in,ZuCo2,11.795878,3.65853,12.749527,4.3501678
en,323,24.0,the,ZuCo2,12.14032,3.8214715,14.195088,5.999334
en,323,25.0,USA,ZuCo2,12.2171335,3.833359,17.262274,8.218891
en,323,26.0,in,ZuCo2,13.547999,5.624175,15.387946,6.815142
en,323,27.0,his,ZuCo2,14.828004,6.665943,19.443596,10.053327
en,323,28.0,generation.,ZuCo2,14.148456,7.581747,19.548624,14.754654
en,332,0.0,After,ZuCo2,14.460962,6.3257422,18.822739,9.378472
en,332,1.0,earning,ZuCo2,13.372928,5.4446063,20.360909,13.283427
en,332,2.0,his,ZuCo2,12.728913,4.4641576,14.882135,6.503188
en,332,3.0,"degree,",ZuCo2,13.283422,4.785409,20.282099,11.312225
en,332,4.0,Bush,ZuCo2,12.667626,3.8937168,17.303698,8.18153
en,332,5.0,went,ZuCo2,12.589446,4.119368,19.113503,10.005229
en,332,6.0,to,ZuCo2,11.800035,3.3374083,13.905764,5.469388
en,332,7.0,work,ZuCo2,12.197305,3.969947,15.748461,7.6096673
en,332,8.0,in,ZuCo2,11.004392,2.9098833,11.981662,3.7054884
en,332,9.0,an,ZuCo2,12.922929,4.515471,14.735465,6.299095
en,332,10.0,entry,ZuCo2,13.549559,5.1872234,20.274893,11.655201
en,332,11.0,level,ZuCo2,13.111989,5.015951,16.90526,8.020016
en,332,12.0,position,ZuCo2,14.361024,6.162488,18.173824,8.768407
en,332,13.0,in,ZuCo2,10.495828,2.4891677,11.018782,2.5445728
en,332,14.0,the,ZuCo2,12.183549,3.6318662,14.7305355,6.350753
en,332,15.0,international,ZuCo2,13.658844,5.297223,20.386806,12.458769
en,332,16.0,division,ZuCo2,12.977905,4.3831806,19.610836,10.539341
en,332,17.0,of,ZuCo2,10.099027,1.9807341,10.47149,2.0773518
en,332,18.0,Texas,ZuCo2,13.267976,4.3767657,18.731789,9.261047
en,332,19.0,Commerce,ZuCo2,15.012028,7.645987,19.76478,13.089132
en,332,20.0,"Bank,",ZuCo2,13.514992,5.1119313,17.284082,7.845332
en,332,21.0,which,ZuCo2,13.046376,4.5164604,14.189924,5.1258397
en,332,22.0,was,ZuCo2,12.003608,3.6369448,15.359947,6.9037848
en,332,23.0,run,ZuCo2,12.687536,3.8513439,18.739126,9.216349
en,332,24.0,by,ZuCo2,11.503766,3.2677996,12.690932,4.0516267
en,332,25.0,Ben,ZuCo2,13.215581,4.6666303,17.045122,7.986091
en,332,26.0,Love.,ZuCo2,14.865253,8.295838,19.289759,14.261757
en,339,0.0,He,ZuCo2,11.795986,3.1207235,12.516723,3.4444268
en,339,1.0,then,ZuCo2,13.095439,5.3533754,20.360214,13.4092865
en,339,2.0,enrolled,ZuCo2,13.313043,5.797561,20.12767,14.294422
en,339,3.0,at,ZuCo2,12.361182,4.023454,16.022554,7.7073545
en,339,4.0,Phillips,ZuCo2,12.974154,5.2055135,20.058346,14.462201
en,339,5.0,"Andover,",ZuCo2,14.9535885,8.44657,19.193878,14.343193
en,339,6.0,a,ZuCo2,10.657849,2.6117003,11.137236,2.80432
en,339,7.0,private,ZuCo2,13.114639,4.428563,18.592684,8.849892
en,339,8.0,boarding,ZuCo2,13.224246,4.469832,19.98317,10.838009
en,339,9.0,school,ZuCo2,12.054638,3.952642,14.25779,6.092393
en,339,10.0,in,ZuCo2,12.290496,4.1567726,13.887337,5.563237
en,339,11.0,Massachusetts,ZuCo2,13.124315,4.5691643,20.37059,12.033121
en,339,12.0,already,ZuCo2,12.856568,4.6719365,16.571,8.029229
en,339,13.0,attended,ZuCo2,12.671326,4.077419,18.508648,8.921419
en,339,14.0,by,ZuCo2,11.781146,3.4774756,13.829607,5.040331
en,339,15.0,his,ZuCo2,12.779071,4.1815987,16.543839,7.98589
en,339,16.0,brother,ZuCo2,12.133765,3.6068027,18.093887,9.10131
en,339,17.0,George.,ZuCo2,14.15168,6.708517,20.042145,14.005384
en,341,0.0,Bush,ZuCo2,13.827886,5.454565,20.37423,12.332922
en,341,1.0,attended,ZuCo2,13.652014,6.013688,20.266317,13.678299
en,341,2.0,the,ZuCo2,11.551057,3.3115265,13.67902,5.542357
en,341,3.0,University,ZuCo2,11.930799,3.2202127,18.760763,9.299458
en,341,4.0,of,ZuCo2,11.327064,3.276193,12.4909725,4.2490716
en,341,5.0,Texas,ZuCo2,11.805928,3.1803648,16.655594,7.814741
en,341,6.0,at,ZuCo2,11.707903,3.6027458,13.416232,5.222769
en,341,7.0,"Austin,",ZuCo2,12.924285,4.2909045,19.825897,10.534668
en,341,8.0,where,ZuCo2,12.207402,3.768613,18.909563,9.841457
en,341,9.0,he,ZuCo2,11.28081,2.808164,12.434469,3.6840189
en,341,10.0,graduated,ZuCo2,13.245129,5.8069234,20.066692,14.463745
en,341,11.0,Phi,ZuCo2,13.433302,5.1085844,20.408325,12.144994
en,341,12.0,Beta,ZuCo2,13.644103,5.3639016,20.370667,12.537112
en,341,13.0,Kappa,ZuCo2,13.026059,4.4744973,20.074926,10.95224
en,341,14.0,with,ZuCo2,14.347402,5.8299856,17.731924,8.5777855
en,341,15.0,a,ZuCo2,11.227658,2.7636042,12.306767,3.5985084
en,341,16.0,Bachelor's,ZuCo2,12.912826,4.161797,20.022501,10.995362
en,341,17.0,degree,ZuCo2,12.966163,4.387702,18.111938,8.701983
en,341,18.0,in,ZuCo2,10.492721,2.5644262,11.172535,3.0353677
en,341,19.0,Latin,ZuCo2,13.666277,5.194481,20.33754,11.843171
en,341,20.0,American,ZuCo2,12.974152,4.352962,18.74141,9.306366
en,341,21.0,Studies,ZuCo2,12.854548,4.166861,17.973452,8.448108
en,341,22.0,in,ZuCo2,11.52905,3.76266,11.869003,3.5688512
en,341,23.0,"1973,",ZuCo2,14.988248,8.55853,19.23257,14.117109
en,341,24.0,taking,ZuCo2,12.765891,4.188094,17.886124,8.433241
en,341,25.0,only,ZuCo2,12.259512,3.9556265,14.698652,6.6368995
en,341,26.0,two,ZuCo2,11.938918,3.60872,15.565813,7.207216
en,341,27.0,and,ZuCo2,11.690938,3.44652,13.818083,5.829043
en,341,28.0,a,ZuCo2,11.148498,3.2399411,12.650457,4.842848
en,341,29.0,half,ZuCo2,11.91232,3.717343,17.332531,8.318881
en,341,30.0,years,ZuCo2,11.660498,3.6755111,15.295958,7.1588407
en,341,31.0,to,ZuCo2,10.88469,2.7126102,11.7359085,3.4709997
en,341,32.0,complete,ZuCo2,12.674533,4.157615,16.037601,7.1981535
en,341,33.0,his,ZuCo2,12.929841,4.352249,15.127854,6.3990283
en,341,34.0,"work,",ZuCo2,12.652249,4.423007,15.613941,6.957415
en,341,35.0,and,ZuCo2,11.934736,3.5912812,14.17974,5.847914
en,341,36.0,obtaining,ZuCo2,13.561643,5.17319,20.263828,11.551238
en,341,37.0,generally,ZuCo2,12.943187,4.6895,20.34597,12.654427
en,341,38.0,excellent,ZuCo2,12.38394,3.9918792,18.285995,9.034382
en,341,39.0,grades.,ZuCo2,14.928418,6.8493533,19.106995,9.656143
en,346,0.0,Bush,ZuCo2,13.59629,5.240701,20.325499,12.993936
en,346,1.0,stayed,ZuCo2,13.634756,6.426554,19.864302,14.714037
en,346,2.0,in,ZuCo2,12.615086,4.449008,15.721889,7.5396314
en,346,3.0,Houston,ZuCo2,12.586941,4.5082803,20.188461,13.776551
en,346,4.0,with,ZuCo2,12.377747,4.01924,16.956842,8.75521
en,346,5.0,another,ZuCo2,12.563335,3.9876268,17.092554,8.850219
en,346,6.0,family,ZuCo2,11.709991,3.3062146,15.253118,7.041373
en,346,7.0,to,ZuCo2,11.707024,3.3259065,13.151688,5.029296
en,346,8.0,finish,ZuCo2,14.018643,5.704931,17.968119,9.057307
en,346,9.0,the,ZuCo2,11.899826,3.6594875,14.031655,6.1092405
en,346,10.0,school,ZuCo2,12.109873,3.9617455,15.08521,6.994313
en,346,11.0,"year,",ZuCo2,13.161915,5.443615,15.477099,7.597478
en,346,12.0,and,ZuCo2,11.036037,2.8824565,13.223902,5.0933003
en,346,13.0,spent,ZuCo2,12.158719,3.6770375,16.055716,7.4720592
en,346,14.0,most,ZuCo2,13.110196,4.657333,16.950275,8.538265
en,346,15.0,summers,ZuCo2,12.469264,4.056509,18.042448,8.812983
en,346,16.0,and,ZuCo2,11.406933,3.330311,12.412215,4.2326427
en,346,17.0,holidays,ZuCo2,12.912448,4.359252,18.81398,9.462672
en,346,18.0,at,ZuCo2,10.840782,2.668719,11.360032,2.923477
en,346,19.0,the,ZuCo2,11.3868475,3.087312,12.700436,4.4470425
en,346,20.0,family,ZuCo2,12.395925,3.6050665,17.41427,8.409194
en,346,21.0,"estate,",ZuCo2,12.693811,4.2824745,16.56138,7.624002
en,346,22.0,known,ZuCo2,12.836598,4.043539,17.862795,8.498557
en,346,23.0,as,ZuCo2,12.745499,4.4639773,13.680372,5.261281
en,346,24.0,the,ZuCo2,11.971578,3.9041262,13.483535,5.500702
en,346,25.0,Bush,ZuCo2,12.097002,3.6690056,15.30882,6.8854375
en,346,26.0,Compound.,ZuCo2,15.185807,8.009377,19.571495,12.856596
